date,body,doc_type,extraction,path
2003-01-07,BOS,agenda,ok,BOS/2003/2003-01-07_BOS_agenda_1119.md
2003-01-07,BOS,agenda,ok,BOS/2003/2003-01-07_BOS_agenda_320.md
2003-01-27,BOS,agenda,ok,BOS/2003/2003-01-27_BOS_agenda_1120.md
2003-01-27,BOS,agenda,ok,BOS/2003/2003-01-27_BOS_agenda_321.md
2003-02-03,BOS,agenda,ok,BOS/2003/2003-02-03_BOS_agenda_1121.md
2003-02-03,BOS,agenda,ok,BOS/2003/2003-02-03_BOS_agenda_322.md
2003-02-10,BOS,agenda,ok,BOS/2003/2003-02-10_BOS_agenda_1122.md
2003-02-10,BOS,agenda,ok,BOS/2003/2003-02-10_BOS_agenda_323.md
2003-02-18,BOS,agenda,ok,BOS/2003/2003-02-18_BOS_agenda_1123.md
2003-02-18,BOS,agenda,ok,BOS/2003/2003-02-18_BOS_agenda_324.md
2003-03-10,BOS,agenda,ok,BOS/2003/2003-03-10_BOS_agenda_1124.md
2003-03-10,BOS,agenda,ok,BOS/2003/2003-03-10_BOS_agenda_325.md
2003-03-17,BOS,agenda,ok,BOS/2003/2003-03-17_BOS_agenda_1125.md
2003-03-17,BOS,agenda,ok,BOS/2003/2003-03-17_BOS_agenda_326.md
2003-04-07,BOS,agenda,ok,BOS/2003/2003-04-07_BOS_agenda_1126.md
2003-04-07,BOS,agenda,ok,BOS/2003/2003-04-07_BOS_agenda_327.md
2003-04-14,BOS,agenda,ok,BOS/2003/2003-04-14_BOS_agenda_1127.md
2003-04-14,BOS,agenda,ok,BOS/2003/2003-04-14_BOS_agenda_328.md
2003-04-21,BOS,agenda,ok,BOS/2003/2003-04-21_BOS_agenda_1128.md
2003-04-21,BOS,agenda,ok,BOS/2003/2003-04-21_BOS_agenda_329.md
2003-04-28,BOS,agenda,ok,BOS/2003/2003-04-28_BOS_agenda_330.md
2003-05-05,BOS,agenda,ok,BOS/2003/2003-05-05_BOS_agenda_1129.md
2003-05-05,BOS,agenda,ok,BOS/2003/2003-05-05_BOS_agenda_331.md
2003-05-12,BOS,agenda,ok,BOS/2003/2003-05-12_BOS_agenda_1130.md
2003-05-12,BOS,agenda,ok,BOS/2003/2003-05-12_BOS_agenda_332.md
2003-05-14,BOS,agenda,ok,BOS/2003/2003-05-14_BOS_agenda_333.md
2003-05-19,BOS,agenda,ok,BOS/2003/2003-05-19_BOS_agenda_1131.md
2003-05-19,BOS,agenda,ok,BOS/2003/2003-05-19_BOS_agenda_334.md
2003-05-22,BOS,agenda,ok,BOS/2003/2003-05-22_BOS_agenda_335.md
2003-06-02,BOS,agenda,ok,BOS/2003/2003-06-02_BOS_agenda_336.md
2003-06-09,BOS,agenda,ok,BOS/2003/2003-06-09_BOS_agenda_337.md
2003-06-16,BOS,agenda,ok,BOS/2003/2003-06-16_BOS_agenda_338.md
2003-06-25,BOS,agenda,ok,BOS/2003/2003-06-25_BOS_agenda_339.md
2003-07-02,BOS,agenda,ok,BOS/2003/2003-07-02_BOS_agenda_1132.md
2003-07-02,BOS,agenda,ok,BOS/2003/2003-07-02_BOS_agenda_340.md
2003-07-07,BOS,agenda,ok,BOS/2003/2003-07-07_BOS_agenda_1133.md
2003-07-07,BOS,agenda,ok,BOS/2003/2003-07-07_BOS_agenda_341.md
2003-07-14,BOS,agenda,ok,BOS/2003/2003-07-14_BOS_agenda_1134.md
2003-07-14,BOS,agenda,ok,BOS/2003/2003-07-14_BOS_agenda_342.md
2003-07-21,BOS,agenda,ok,BOS/2003/2003-07-21_BOS_agenda_1135.md
2003-07-21,BOS,agenda,ok,BOS/2003/2003-07-21_BOS_agenda_343.md
2003-08-04,BOS,agenda,ok,BOS/2003/2003-08-04_BOS_agenda_1136.md
2003-08-04,BOS,agenda,ok,BOS/2003/2003-08-04_BOS_agenda_344.md
2003-08-11,BOS,agenda,ok,BOS/2003/2003-08-11_BOS_agenda_1137.md
2003-08-11,BOS,agenda,ok,BOS/2003/2003-08-11_BOS_agenda_345.md
2003-08-18,BOS,agenda,ok,BOS/2003/2003-08-18_BOS_agenda_1138.md
2003-08-18,BOS,agenda,ok,BOS/2003/2003-08-18_BOS_agenda_346.md
2003-08-26,BOS,agenda,ok,BOS/2003/2003-08-26_BOS_agenda_347.md
2003-09-02,BOS,agenda,ok,BOS/2003/2003-09-02_BOS_agenda_1139.md
2003-09-02,BOS,agenda,ok,BOS/2003/2003-09-02_BOS_agenda_348.md
2003-09-08,BOS,agenda,ok,BOS/2003/2003-09-08_BOS_agenda_1140.md
2003-09-08,BOS,agenda,ok,BOS/2003/2003-09-08_BOS_agenda_349.md
2003-09-15,BOS,agenda,ok,BOS/2003/2003-09-15_BOS_agenda_1141.md
2003-09-15,BOS,agenda,ok,BOS/2003/2003-09-15_BOS_agenda_350.md
2003-09-24,BOS,agenda,ok,BOS/2003/2003-09-24_BOS_agenda_1142.md
2003-09-24,BOS,agenda,ok,BOS/2003/2003-09-24_BOS_agenda_351.md
2003-10-06,BOS,agenda,ok,BOS/2003/2003-10-06_BOS_agenda_1143.md
2003-10-06,BOS,agenda,ok,BOS/2003/2003-10-06_BOS_agenda_352.md
2003-10-14,BOS,agenda,ok,BOS/2003/2003-10-14_BOS_agenda_1144.md
2003-10-14,BOS,agenda,ok,BOS/2003/2003-10-14_BOS_agenda_353.md
2003-10-20,BOS,agenda,ok,BOS/2003/2003-10-20_BOS_agenda_1145.md
2003-10-20,BOS,agenda,ok,BOS/2003/2003-10-20_BOS_agenda_354.md
2003-10-28,BOS,agenda,ok,BOS/2003/2003-10-28_BOS_agenda_355.md
2003-11-03,BOS,agenda,ok,BOS/2003/2003-11-03_BOS_agenda_1146.md
2003-11-03,BOS,agenda,ok,BOS/2003/2003-11-03_BOS_agenda_356.md
2003-11-17,BOS,agenda,ok,BOS/2003/2003-11-17_BOS_agenda_1147.md
2003-11-17,BOS,agenda,ok,BOS/2003/2003-11-17_BOS_agenda_357.md
2003-12-01,BOS,agenda,ok,BOS/2003/2003-12-01_BOS_agenda_358.md
2003-12-02,BOS,agenda,ok,BOS/2003/2003-12-02_BOS_agenda_1148.md
2003-12-02,BOS,agenda,ok,BOS/2003/2003-12-02_BOS_agenda_359.md
2003-12-03,BOS,agenda,ok,BOS/2003/2003-12-03_BOS_agenda_360.md
2003-12-15,BOS,agenda,ok,BOS/2003/2003-12-15_BOS_agenda_1149.md
2003-12-15,BOS,agenda,ok,BOS/2003/2003-12-15_BOS_agenda_361.md
2003-12-16,BOS,agenda,ok,BOS/2003/2003-12-16_BOS_agenda_1150.md
2003-12-16,BOS,agenda,ok,BOS/2003/2003-12-16_BOS_agenda_362.md
2003-12-23,BOS,agenda,ok,BOS/2003/2003-12-23_BOS_agenda_1151.md
2003-12-23,BOS,agenda,ok,BOS/2003/2003-12-23_BOS_agenda_363.md
2004-01-05,BOS,agenda,ok,BOS/2004/2004-01-05_BOS_agenda_1069.md
2004-01-05,BOS,agenda,ok,BOS/2004/2004-01-05_BOS_agenda_1092.md
2004-01-20,BOS,agenda,ok,BOS/2004/2004-01-20_BOS_agenda_1070.md
2004-01-20,BOS,agenda,ok,BOS/2004/2004-01-20_BOS_agenda_1093.md
2004-01-26,BOS,agenda,ok,BOS/2004/2004-01-26_BOS_agenda_1094.md
2004-02-02,BOS,agenda,ok,BOS/2004/2004-02-02_BOS_agenda_1071.md
2004-02-02,BOS,agenda,ok,BOS/2004/2004-02-02_BOS_agenda_1095.md
2004-02-09,BOS,agenda,ok,BOS/2004/2004-02-09_BOS_agenda_1096.md
2004-02-17,BOS,agenda,ok,BOS/2004/2004-02-17_BOS_agenda_1072.md
2004-02-17,BOS,agenda,ok,BOS/2004/2004-02-17_BOS_agenda_1097.md
2004-03-08,BOS,agenda,ok,BOS/2004/2004-03-08_BOS_agenda_1073.md
2004-03-08,BOS,agenda,ok,BOS/2004/2004-03-08_BOS_agenda_1098.md
2004-03-29,BOS,agenda,ok,BOS/2004/2004-03-29_BOS_agenda_1074.md
2004-03-29,BOS,agenda,ok,BOS/2004/2004-03-29_BOS_agenda_1099.md
2004-04-05,BOS,agenda,ok,BOS/2004/2004-04-05_BOS_agenda_1075.md
2004-04-05,BOS,agenda,ok,BOS/2004/2004-04-05_BOS_agenda_1100.md
2004-04-19,BOS,agenda,ok,BOS/2004/2004-04-19_BOS_agenda_1076.md
2004-04-19,BOS,agenda,ok,BOS/2004/2004-04-19_BOS_agenda_1101.md
2004-05-03,BOS,agenda,ok,BOS/2004/2004-05-03_BOS_agenda_1077.md
2004-05-03,BOS,agenda,ok,BOS/2004/2004-05-03_BOS_agenda_1102.md
2004-05-17,BOS,agenda,ok,BOS/2004/2004-05-17_BOS_agenda_1078.md
2004-06-07,BOS,agenda,ok,BOS/2004/2004-06-07_BOS_agenda_1079.md
2004-06-07,BOS,agenda,ok,BOS/2004/2004-06-07_BOS_agenda_1103.md
2004-06-21,BOS,agenda,ok,BOS/2004/2004-06-21_BOS_agenda_1080.md
2004-06-21,BOS,agenda,ok,BOS/2004/2004-06-21_BOS_agenda_1104.md
2004-07-06,BOS,agenda,ok,BOS/2004/2004-07-06_BOS_agenda_1081.md
2004-07-06,BOS,agenda,ok,BOS/2004/2004-07-06_BOS_agenda_1105.md
2004-07-26,BOS,agenda,ok,BOS/2004/2004-07-26_BOS_agenda_1082.md
2004-07-26,BOS,agenda,ok,BOS/2004/2004-07-26_BOS_agenda_1106.md
2004-08-09,BOS,agenda,ok,BOS/2004/2004-08-09_BOS_agenda_1083.md
2004-08-09,BOS,agenda,ok,BOS/2004/2004-08-09_BOS_agenda_1107.md
2004-08-23,BOS,agenda,ok,BOS/2004/2004-08-23_BOS_agenda_1084.md
2004-08-23,BOS,agenda,ok,BOS/2004/2004-08-23_BOS_agenda_1108.md
2004-09-13,BOS,agenda,ok,BOS/2004/2004-09-13_BOS_agenda_1085.md
2004-09-13,BOS,agenda,ok,BOS/2004/2004-09-13_BOS_agenda_1109.md
2004-09-20,BOS,agenda,ok,BOS/2004/2004-09-20_BOS_agenda_1110.md
2004-10-04,BOS,agenda,ok,BOS/2004/2004-10-04_BOS_agenda_1086.md
2004-10-04,BOS,agenda,ok,BOS/2004/2004-10-04_BOS_agenda_1111.md
2004-10-14,BOS,agenda,ok,BOS/2004/2004-10-14_BOS_agenda_1087.md
2004-10-14,BOS,agenda,ok,BOS/2004/2004-10-14_BOS_agenda_1112.md
2004-10-18,BOS,agenda,ok,BOS/2004/2004-10-18_BOS_agenda_1113.md
2004-11-08,BOS,agenda,ok,BOS/2004/2004-11-08_BOS_agenda_1088.md
2004-11-08,BOS,agenda,ok,BOS/2004/2004-11-08_BOS_agenda_1114.md
2004-11-15,BOS,agenda,ok,BOS/2004/2004-11-15_BOS_agenda_1089.md
2004-11-15,BOS,agenda,ok,BOS/2004/2004-11-15_BOS_agenda_1115.md
2004-12-06,BOS,agenda,ok,BOS/2004/2004-12-06_BOS_agenda_1090.md
2004-12-06,BOS,agenda,ok,BOS/2004/2004-12-06_BOS_agenda_1116.md
2004-12-17,BOS,agenda,ok,BOS/2004/2004-12-17_BOS_agenda_1117.md
2004-12-20,BOS,agenda,ok,BOS/2004/2004-12-20_BOS_agenda_1091.md
2004-12-20,BOS,agenda,ok,BOS/2004/2004-12-20_BOS_agenda_1118.md
2005-01-03,BOS,agenda,ok,BOS/2005/2005-01-03_BOS_agenda_1012.md
2005-01-04,BOS,agenda,ok,BOS/2005/2005-01-04_BOS_agenda_1013.md
2005-01-04,BOS,agenda,ok,BOS/2005/2005-01-04_BOS_agenda_1042.md
2005-01-11,BOS,agenda,ok,BOS/2005/2005-01-11_BOS_agenda_1014.md
2005-01-11,BOS,agenda,ok,BOS/2005/2005-01-11_BOS_agenda_1043.md
2005-01-18,BOS,agenda,ok,BOS/2005/2005-01-18_BOS_agenda_1015.md
2005-01-18,BOS,agenda,ok,BOS/2005/2005-01-18_BOS_agenda_1044.md
2005-02-07,BOS,agenda,ok,BOS/2005/2005-02-07_BOS_agenda_1016.md
2005-02-07,BOS,agenda,ok,BOS/2005/2005-02-07_BOS_agenda_1045.md
2005-02-22,BOS,agenda,ok,BOS/2005/2005-02-22_BOS_agenda_1017.md
2005-02-22,BOS,agenda,ok,BOS/2005/2005-02-22_BOS_agenda_1046.md
2005-03-14,BOS,agenda,ok,BOS/2005/2005-03-14_BOS_agenda_1018.md
2005-03-14,BOS,agenda,ok,BOS/2005/2005-03-14_BOS_agenda_1047.md
2005-03-21,BOS,agenda,ok,BOS/2005/2005-03-21_BOS_agenda_1019.md
2005-03-21,BOS,agenda,ok,BOS/2005/2005-03-21_BOS_agenda_1048.md
2005-04-04,BOS,agenda,ok,BOS/2005/2005-04-04_BOS_agenda_1020.md
2005-04-04,BOS,agenda,ok,BOS/2005/2005-04-04_BOS_agenda_1049.md
2005-04-18,BOS,agenda,ok,BOS/2005/2005-04-18_BOS_agenda_1021.md
2005-04-18,BOS,agenda,ok,BOS/2005/2005-04-18_BOS_agenda_1050.md
2005-04-25,BOS,agenda,ok,BOS/2005/2005-04-25_BOS_agenda_1022.md
2005-04-25,BOS,agenda,ok,BOS/2005/2005-04-25_BOS_agenda_1051.md
2005-05-02,BOS,agenda,ok,BOS/2005/2005-05-02_BOS_agenda_1023.md
2005-05-02,BOS,agenda,ok,BOS/2005/2005-05-02_BOS_agenda_1052.md
2005-05-16,BOS,agenda,ok,BOS/2005/2005-05-16_BOS_agenda_1024.md
2005-05-16,BOS,agenda,ok,BOS/2005/2005-05-16_BOS_agenda_1053.md
2005-05-20,BOS,agenda,ok,BOS/2005/2005-05-20_BOS_agenda_1025.md
2005-05-20,BOS,agenda,ok,BOS/2005/2005-05-20_BOS_agenda_1054.md
2005-06-06,BOS,agenda,ok,BOS/2005/2005-06-06_BOS_agenda_1026.md
2005-06-06,BOS,agenda,ok,BOS/2005/2005-06-06_BOS_agenda_1055.md
2005-06-20,BOS,agenda,ok,BOS/2005/2005-06-20_BOS_agenda_1027.md
2005-06-20,BOS,agenda,ok,BOS/2005/2005-06-20_BOS_agenda_1056.md
2005-07-11,BOS,agenda,ok,BOS/2005/2005-07-11_BOS_agenda_1028.md
2005-07-11,BOS,agenda,ok,BOS/2005/2005-07-11_BOS_agenda_1057.md
2005-07-18,BOS,agenda,ok,BOS/2005/2005-07-18_BOS_agenda_1029.md
2005-07-18,BOS,agenda,ok,BOS/2005/2005-07-18_BOS_agenda_1058.md
2005-08-01,BOS,agenda,ok,BOS/2005/2005-08-01_BOS_agenda_1030.md
2005-08-01,BOS,agenda,ok,BOS/2005/2005-08-01_BOS_agenda_1059.md
2005-08-15,BOS,agenda,ok,BOS/2005/2005-08-15_BOS_agenda_1031.md
2005-08-15,BOS,agenda,ok,BOS/2005/2005-08-15_BOS_agenda_1060.md
2005-08-29,BOS,agenda,ok,BOS/2005/2005-08-29_BOS_agenda_1032.md
2005-08-29,BOS,agenda,ok,BOS/2005/2005-08-29_BOS_agenda_1061.md
2005-09-06,BOS,agenda,ok,BOS/2005/2005-09-06_BOS_agenda_1033.md
2005-09-06,BOS,agenda,ok,BOS/2005/2005-09-06_BOS_agenda_1062.md
2005-09-19,BOS,agenda,ok,BOS/2005/2005-09-19_BOS_agenda_1034.md
2005-09-19,BOS,agenda,ok,BOS/2005/2005-09-19_BOS_agenda_1063.md
2005-10-03,BOS,agenda,ok,BOS/2005/2005-10-03_BOS_agenda_1035.md
2005-10-03,BOS,agenda,ok,BOS/2005/2005-10-03_BOS_agenda_1064.md
2005-10-17,BOS,agenda,ok,BOS/2005/2005-10-17_BOS_agenda_1036.md
2005-10-17,BOS,agenda,ok,BOS/2005/2005-10-17_BOS_agenda_1065.md
2005-10-24,BOS,agenda,ok,BOS/2005/2005-10-24_BOS_agenda_1037.md
2005-11-15,BOS,agenda,ok,BOS/2005/2005-11-15_BOS_agenda_1038.md
2005-11-21,BOS,agenda,ok,BOS/2005/2005-11-21_BOS_agenda_1039.md
2005-11-21,BOS,agenda,ok,BOS/2005/2005-11-21_BOS_agenda_1066.md
2005-12-05,BOS,agenda,ok,BOS/2005/2005-12-05_BOS_agenda_1040.md
2005-12-05,BOS,agenda,ok,BOS/2005/2005-12-05_BOS_agenda_1067.md
2005-12-19,BOS,agenda,ok,BOS/2005/2005-12-19_BOS_agenda_1041.md
2005-12-19,BOS,agenda,ok,BOS/2005/2005-12-19_BOS_agenda_1068.md
2006-01-03,BOS,agenda,ok,BOS/2006/2006-01-03_BOS_agenda_945.md
2006-01-03,BOS,agenda,ok,BOS/2006/2006-01-03_BOS_agenda_983.md
2006-01-17,BOS,agenda,ok,BOS/2006/2006-01-17_BOS_agenda_946.md
2006-01-17,BOS,agenda,ok,BOS/2006/2006-01-17_BOS_agenda_984.md
2006-02-06,BOS,agenda,ok,BOS/2006/2006-02-06_BOS_agenda_947.md
2006-02-06,BOS,agenda,ok,BOS/2006/2006-02-06_BOS_agenda_985.md
2006-02-21,BOS,agenda,ok,BOS/2006/2006-02-21_BOS_agenda_948.md
2006-02-21,BOS,agenda,ok,BOS/2006/2006-02-21_BOS_agenda_986.md
2006-02-22,BOS,agenda,ok,BOS/2006/2006-02-22_BOS_agenda_949.md
2006-02-22,BOS,agenda,ok,BOS/2006/2006-02-22_BOS_agenda_987.md
2006-03-13,BOS,agenda,ok,BOS/2006/2006-03-13_BOS_agenda_950.md
2006-03-13,BOS,agenda,ok,BOS/2006/2006-03-13_BOS_agenda_988.md
2006-03-20,BOS,agenda,ok,BOS/2006/2006-03-20_BOS_agenda_951.md
2006-03-20,BOS,agenda,ok,BOS/2006/2006-03-20_BOS_agenda_989.md
2006-04-03,BOS,agenda,ok,BOS/2006/2006-04-03_BOS_agenda_952.md
2006-04-03,BOS,agenda,ok,BOS/2006/2006-04-03_BOS_agenda_990.md
2006-04-17,BOS,agenda,ok,BOS/2006/2006-04-17_BOS_agenda_953.md
2006-04-17,BOS,agenda,ok,BOS/2006/2006-04-17_BOS_agenda_991.md
2006-05-01,BOS,agenda,ok,BOS/2006/2006-05-01_BOS_agenda_954.md
2006-05-01,BOS,agenda,ok,BOS/2006/2006-05-01_BOS_agenda_992.md
2006-05-15,BOS,agenda,ok,BOS/2006/2006-05-15_BOS_agenda_955.md
2006-05-15,BOS,agenda,ok,BOS/2006/2006-05-15_BOS_agenda_993.md
2006-05-31,BOS,agenda,ok,BOS/2006/2006-05-31_BOS_agenda_956.md
2006-05-31,BOS,agenda,ok,BOS/2006/2006-05-31_BOS_agenda_994.md
2006-06-05,BOS,agenda,ok,BOS/2006/2006-06-05_BOS_agenda_957.md
2006-06-05,BOS,agenda,ok,BOS/2006/2006-06-05_BOS_agenda_995.md
2006-06-13,BOS,agenda,ok,BOS/2006/2006-06-13_BOS_agenda_958.md
2006-06-19,BOS,agenda,ok,BOS/2006/2006-06-19_BOS_agenda_959.md
2006-06-19,BOS,agenda,ok,BOS/2006/2006-06-19_BOS_agenda_996.md
2006-06-26,BOS,agenda,ok,BOS/2006/2006-06-26_BOS_agenda_960.md
2006-07-10,BOS,agenda,ok,BOS/2006/2006-07-10_BOS_agenda_961.md
2006-07-10,BOS,agenda,ok,BOS/2006/2006-07-10_BOS_agenda_997.md
2006-07-17,BOS,agenda,ok,BOS/2006/2006-07-17_BOS_agenda_962.md
2006-07-17,BOS,agenda,ok,BOS/2006/2006-07-17_BOS_agenda_998.md
2006-07-18,BOS,agenda,ok,BOS/2006/2006-07-18_BOS_agenda_963.md
2006-07-24,BOS,agenda,ok,BOS/2006/2006-07-24_BOS_agenda_964.md
2006-07-24,BOS,agenda,ok,BOS/2006/2006-07-24_BOS_agenda_999.md
2006-07-31,BOS,agenda,ok,BOS/2006/2006-07-31_BOS_agenda_965.md
2006-07-31,BOS,agenda,poor-likely-scanned,BOS/2006/2006-07-31_BOS_agenda_1000.md
2006-08-07,BOS,agenda,ok,BOS/2006/2006-08-07_BOS_agenda_1001.md
2006-08-07,BOS,agenda,ok,BOS/2006/2006-08-07_BOS_agenda_966.md
2006-08-12,BOS,agenda,ok,BOS/2006/2006-08-12_BOS_agenda_967.md
2006-08-21,BOS,agenda,ok,BOS/2006/2006-08-21_BOS_agenda_1002.md
2006-08-21,BOS,agenda,ok,BOS/2006/2006-08-21_BOS_agenda_968.md
2006-08-24,BOS,agenda,ok,BOS/2006/2006-08-24_BOS_agenda_1003.md
2006-08-24,BOS,agenda,ok,BOS/2006/2006-08-24_BOS_agenda_969.md
2006-08-25,BOS,agenda,ok,BOS/2006/2006-08-25_BOS_agenda_970.md
2006-09-05,BOS,agenda,ok,BOS/2006/2006-09-05_BOS_agenda_1004.md
2006-09-05,BOS,agenda,ok,BOS/2006/2006-09-05_BOS_agenda_971.md
2006-09-18,BOS,agenda,ok,BOS/2006/2006-09-18_BOS_agenda_1005.md
2006-09-18,BOS,agenda,ok,BOS/2006/2006-09-18_BOS_agenda_972.md
2006-09-21,BOS,agenda,ok,BOS/2006/2006-09-21_BOS_agenda_973.md
2006-09-26,BOS,agenda,ok,BOS/2006/2006-09-26_BOS_agenda_974.md
2006-10-02,BOS,agenda,ok,BOS/2006/2006-10-02_BOS_agenda_1006.md
2006-10-02,BOS,agenda,ok,BOS/2006/2006-10-02_BOS_agenda_975.md
2006-10-04,BOS,agenda,ok,BOS/2006/2006-10-04_BOS_agenda_976.md
2006-10-16,BOS,agenda,ok,BOS/2006/2006-10-16_BOS_agenda_977.md
2006-10-23,BOS,agenda,ok,BOS/2006/2006-10-23_BOS_agenda_1007.md
2006-10-23,BOS,agenda,ok,BOS/2006/2006-10-23_BOS_agenda_978.md
2006-11-06,BOS,agenda,ok,BOS/2006/2006-11-06_BOS_agenda_1008.md
2006-11-06,BOS,agenda,ok,BOS/2006/2006-11-06_BOS_agenda_979.md
2006-11-20,BOS,agenda,ok,BOS/2006/2006-11-20_BOS_agenda_1009.md
2006-11-20,BOS,agenda,ok,BOS/2006/2006-11-20_BOS_agenda_980.md
2006-12-04,BOS,agenda,ok,BOS/2006/2006-12-04_BOS_agenda_1010.md
2006-12-04,BOS,agenda,ok,BOS/2006/2006-12-04_BOS_agenda_981.md
2006-12-18,BOS,agenda,ok,BOS/2006/2006-12-18_BOS_agenda_1011.md
2006-12-18,BOS,agenda,ok,BOS/2006/2006-12-18_BOS_agenda_982.md
2007-01-02,BOS,agenda,ok,BOS/2007/2007-01-02_BOS_agenda_888.md
2007-01-02,BOS,agenda,ok,BOS/2007/2007-01-02_BOS_agenda_916.md
2007-01-16,BOS,agenda,ok,BOS/2007/2007-01-16_BOS_agenda_889.md
2007-01-16,BOS,agenda,ok,BOS/2007/2007-01-16_BOS_agenda_917.md
2007-02-06,BOS,agenda,ok,BOS/2007/2007-02-06_BOS_agenda_890.md
2007-02-06,BOS,agenda,ok,BOS/2007/2007-02-06_BOS_agenda_918.md
2007-02-20,BOS,agenda,ok,BOS/2007/2007-02-20_BOS_agenda_891.md
2007-02-20,BOS,agenda,ok,BOS/2007/2007-02-20_BOS_agenda_919.md
2007-03-13,BOS,agenda,ok,BOS/2007/2007-03-13_BOS_agenda_892.md
2007-03-13,BOS,agenda,ok,BOS/2007/2007-03-13_BOS_agenda_920.md
2007-03-20,BOS,agenda,ok,BOS/2007/2007-03-20_BOS_agenda_893.md
2007-03-20,BOS,agenda,ok,BOS/2007/2007-03-20_BOS_agenda_921.md
2007-04-03,BOS,agenda,ok,BOS/2007/2007-04-03_BOS_agenda_894.md
2007-04-03,BOS,agenda,ok,BOS/2007/2007-04-03_BOS_agenda_922.md
2007-04-17,BOS,agenda,ok,BOS/2007/2007-04-17_BOS_agenda_895.md
2007-04-17,BOS,agenda,ok,BOS/2007/2007-04-17_BOS_agenda_923.md
2007-05-01,BOS,agenda,ok,BOS/2007/2007-05-01_BOS_agenda_896.md
2007-05-01,BOS,agenda,ok,BOS/2007/2007-05-01_BOS_agenda_924.md
2007-05-14,BOS,agenda,ok,BOS/2007/2007-05-14_BOS_agenda_925.md
2007-05-15,BOS,agenda,ok,BOS/2007/2007-05-15_BOS_agenda_897.md
2007-05-15,BOS,agenda,ok,BOS/2007/2007-05-15_BOS_agenda_926.md
2007-05-22,BOS,agenda,ok,BOS/2007/2007-05-22_BOS_agenda_927.md
2007-05-22,BOS,agenda,poor-likely-scanned,BOS/2007/2007-05-22_BOS_agenda_898.md
2007-06-05,BOS,agenda,ok,BOS/2007/2007-06-05_BOS_agenda_899.md
2007-06-05,BOS,agenda,ok,BOS/2007/2007-06-05_BOS_agenda_928.md
2007-06-19,BOS,agenda,ok,BOS/2007/2007-06-19_BOS_agenda_900.md
2007-06-19,BOS,agenda,ok,BOS/2007/2007-06-19_BOS_agenda_929.md
2007-07-03,BOS,agenda,ok,BOS/2007/2007-07-03_BOS_agenda_901.md
2007-07-03,BOS,agenda,ok,BOS/2007/2007-07-03_BOS_agenda_930.md
2007-07-17,BOS,agenda,ok,BOS/2007/2007-07-17_BOS_agenda_902.md
2007-07-17,BOS,agenda,ok,BOS/2007/2007-07-17_BOS_agenda_931.md
2007-07-19,BOS,agenda,ok,BOS/2007/2007-07-19_BOS_agenda_903.md
2007-07-19,BOS,agenda,ok,BOS/2007/2007-07-19_BOS_agenda_932.md
2007-08-07,BOS,agenda,ok,BOS/2007/2007-08-07_BOS_agenda_904.md
2007-08-07,BOS,agenda,ok,BOS/2007/2007-08-07_BOS_agenda_933.md
2007-08-14,BOS,agenda,ok,BOS/2007/2007-08-14_BOS_agenda_934.md
2007-08-14,BOS,agenda,poor-likely-scanned,BOS/2007/2007-08-14_BOS_agenda_905.md
2007-08-21,BOS,agenda,ok,BOS/2007/2007-08-21_BOS_agenda_906.md
2007-08-21,BOS,agenda,ok,BOS/2007/2007-08-21_BOS_agenda_935.md
2007-09-04,BOS,agenda,ok,BOS/2007/2007-09-04_BOS_agenda_907.md
2007-09-04,BOS,agenda,ok,BOS/2007/2007-09-04_BOS_agenda_936.md
2007-09-18,BOS,agenda,ok,BOS/2007/2007-09-18_BOS_agenda_908.md
2007-09-18,BOS,agenda,ok,BOS/2007/2007-09-18_BOS_agenda_937.md
2007-10-02,BOS,agenda,ok,BOS/2007/2007-10-02_BOS_agenda_909.md
2007-10-02,BOS,agenda,ok,BOS/2007/2007-10-02_BOS_agenda_938.md
2007-10-16,BOS,agenda,ok,BOS/2007/2007-10-16_BOS_agenda_910.md
2007-10-16,BOS,agenda,ok,BOS/2007/2007-10-16_BOS_agenda_939.md
2007-11-06,BOS,agenda,ok,BOS/2007/2007-11-06_BOS_agenda_911.md
2007-11-06,BOS,agenda,ok,BOS/2007/2007-11-06_BOS_agenda_940.md
2007-11-16,BOS,agenda,ok,BOS/2007/2007-11-16_BOS_agenda_912.md
2007-11-16,BOS,agenda,ok,BOS/2007/2007-11-16_BOS_agenda_941.md
2007-11-20,BOS,agenda,ok,BOS/2007/2007-11-20_BOS_agenda_913.md
2007-11-20,BOS,agenda,ok,BOS/2007/2007-11-20_BOS_agenda_942.md
2007-12-03,BOS,agenda,ok,BOS/2007/2007-12-03_BOS_agenda_914.md
2007-12-03,BOS,agenda,ok,BOS/2007/2007-12-03_BOS_agenda_943.md
2007-12-18,BOS,agenda,ok,BOS/2007/2007-12-18_BOS_agenda_915.md
2007-12-18,BOS,agenda,ok,BOS/2007/2007-12-18_BOS_agenda_944.md
2008-01-08,BOS,agenda,ok,BOS/2008/2008-01-08_BOS_agenda_816.md
2008-01-08,BOS,agenda,ok,BOS/2008/2008-01-08_BOS_agenda_853.md
2008-01-22,BOS,agenda,ok,BOS/2008/2008-01-22_BOS_agenda_817.md
2008-01-22,BOS,agenda,ok,BOS/2008/2008-01-22_BOS_agenda_854.md
2008-01-29,BOS,agenda,ok,BOS/2008/2008-01-29_BOS_agenda_818.md
2008-02-05,BOS,agenda,ok,BOS/2008/2008-02-05_BOS_agenda_819.md
2008-02-05,BOS,agenda,ok,BOS/2008/2008-02-05_BOS_agenda_855.md
2008-02-12,BOS,agenda,ok,BOS/2008/2008-02-12_BOS_agenda_820.md
2008-02-12,BOS,agenda,poor-likely-scanned,BOS/2008/2008-02-12_BOS_agenda_856.md
2008-02-19,BOS,agenda,ok,BOS/2008/2008-02-19_BOS_agenda_821.md
2008-02-19,BOS,agenda,ok,BOS/2008/2008-02-19_BOS_agenda_857.md
2008-03-11,BOS,agenda,ok,BOS/2008/2008-03-11_BOS_agenda_822.md
2008-03-11,BOS,agenda,ok,BOS/2008/2008-03-11_BOS_agenda_858.md
2008-03-18,BOS,agenda,ok,BOS/2008/2008-03-18_BOS_agenda_823.md
2008-03-18,BOS,agenda,ok,BOS/2008/2008-03-18_BOS_agenda_859.md
2008-04-01,BOS,agenda,ok,BOS/2008/2008-04-01_BOS_agenda_824.md
2008-04-01,BOS,agenda,ok,BOS/2008/2008-04-01_BOS_agenda_860.md
2008-04-15,BOS,agenda,ok,BOS/2008/2008-04-15_BOS_agenda_825.md
2008-04-15,BOS,agenda,ok,BOS/2008/2008-04-15_BOS_agenda_861.md
2008-05-06,BOS,agenda,ok,BOS/2008/2008-05-06_BOS_agenda_826.md
2008-05-06,BOS,agenda,ok,BOS/2008/2008-05-06_BOS_agenda_862.md
2008-05-19,BOS,agenda,ok,BOS/2008/2008-05-19_BOS_agenda_827.md
2008-05-19,BOS,agenda,ok,BOS/2008/2008-05-19_BOS_agenda_863.md
2008-05-20,BOS,agenda,ok,BOS/2008/2008-05-20_BOS_agenda_828.md
2008-05-20,BOS,agenda,ok,BOS/2008/2008-05-20_BOS_agenda_864.md
2008-05-23,BOS,agenda,ok,BOS/2008/2008-05-23_BOS_agenda_829.md
2008-05-23,BOS,agenda,ok,BOS/2008/2008-05-23_BOS_agenda_865.md
2008-05-29,BOS,agenda,ok,BOS/2008/2008-05-29_BOS_agenda_830.md
2008-05-29,BOS,agenda,poor-likely-scanned,BOS/2008/2008-05-29_BOS_agenda_866.md
2008-06-03,BOS,agenda,ok,BOS/2008/2008-06-03_BOS_agenda_831.md
2008-06-03,BOS,agenda,ok,BOS/2008/2008-06-03_BOS_agenda_867.md
2008-06-06,BOS,agenda,ok,BOS/2008/2008-06-06_BOS_agenda_832.md
2008-06-06,BOS,agenda,ok,BOS/2008/2008-06-06_BOS_agenda_868.md
2008-06-10,BOS,agenda,ok,BOS/2008/2008-06-10_BOS_agenda_833.md
2008-06-10,BOS,agenda,ok,BOS/2008/2008-06-10_BOS_agenda_869.md
2008-06-12,BOS,agenda,ok,BOS/2008/2008-06-12_BOS_agenda_834.md
2008-06-12,BOS,agenda,ok,BOS/2008/2008-06-12_BOS_agenda_870.md
2008-06-13,BOS,agenda,ok,BOS/2008/2008-06-13_BOS_agenda_835.md
2008-06-13,BOS,agenda,ok,BOS/2008/2008-06-13_BOS_agenda_871.md
2008-06-17,BOS,agenda,ok,BOS/2008/2008-06-17_BOS_agenda_836.md
2008-06-17,BOS,agenda,ok,BOS/2008/2008-06-17_BOS_agenda_872.md
2008-07-01,BOS,agenda,ok,BOS/2008/2008-07-01_BOS_agenda_837.md
2008-07-01,BOS,agenda,ok,BOS/2008/2008-07-01_BOS_agenda_873.md
2008-07-15,BOS,agenda,ok,BOS/2008/2008-07-15_BOS_agenda_838.md
2008-07-15,BOS,agenda,ok,BOS/2008/2008-07-15_BOS_agenda_874.md
2008-07-28,BOS,agenda,ok,BOS/2008/2008-07-28_BOS_agenda_839.md
2008-07-28,BOS,agenda,ok,BOS/2008/2008-07-28_BOS_agenda_875.md
2008-08-05,BOS,agenda,ok,BOS/2008/2008-08-05_BOS_agenda_840.md
2008-08-05,BOS,agenda,ok,BOS/2008/2008-08-05_BOS_agenda_876.md
2008-08-18,BOS,agenda,ok,BOS/2008/2008-08-18_BOS_agenda_841.md
2008-08-18,BOS,agenda,ok,BOS/2008/2008-08-18_BOS_agenda_877.md
2008-08-19,BOS,agenda,ok,BOS/2008/2008-08-19_BOS_agenda_842.md
2008-08-19,BOS,agenda,ok,BOS/2008/2008-08-19_BOS_agenda_878.md
2008-09-02,BOS,agenda,ok,BOS/2008/2008-09-02_BOS_agenda_843.md
2008-09-02,BOS,agenda,ok,BOS/2008/2008-09-02_BOS_agenda_879.md
2008-09-11,BOS,agenda,ok,BOS/2008/2008-09-11_BOS_agenda_844.md
2008-09-16,BOS,agenda,ok,BOS/2008/2008-09-16_BOS_agenda_845.md
2008-09-16,BOS,agenda,ok,BOS/2008/2008-09-16_BOS_agenda_880.md
2008-10-07,BOS,agenda,ok,BOS/2008/2008-10-07_BOS_agenda_846.md
2008-10-07,BOS,agenda,ok,BOS/2008/2008-10-07_BOS_agenda_881.md
2008-10-21,BOS,agenda,ok,BOS/2008/2008-10-21_BOS_agenda_847.md
2008-10-21,BOS,agenda,ok,BOS/2008/2008-10-21_BOS_agenda_882.md
2008-11-04,BOS,agenda,ok,BOS/2008/2008-11-04_BOS_agenda_848.md
2008-11-04,BOS,agenda,ok,BOS/2008/2008-11-04_BOS_agenda_883.md
2008-11-18,BOS,agenda,ok,BOS/2008/2008-11-18_BOS_agenda_849.md
2008-11-18,BOS,agenda,ok,BOS/2008/2008-11-18_BOS_agenda_884.md
2008-11-25,BOS,agenda,ok,BOS/2008/2008-11-25_BOS_agenda_850.md
2008-11-25,BOS,agenda,ok,BOS/2008/2008-11-25_BOS_agenda_885.md
2008-12-02,BOS,agenda,ok,BOS/2008/2008-12-02_BOS_agenda_851.md
2008-12-02,BOS,agenda,ok,BOS/2008/2008-12-02_BOS_agenda_886.md
2008-12-16,BOS,agenda,ok,BOS/2008/2008-12-16_BOS_agenda_852.md
2008-12-16,BOS,agenda,ok,BOS/2008/2008-12-16_BOS_agenda_887.md
2009-01-13,BOS,agenda,ok,BOS/2009/2009-01-13_BOS_agenda_757.md
2009-01-13,BOS,agenda,ok,BOS/2009/2009-01-13_BOS_agenda_786.md
2009-01-15,BOS,agenda,ok,BOS/2009/2009-01-15_BOS_agenda_758.md
2009-01-15,BOS,agenda,ok,BOS/2009/2009-01-15_BOS_agenda_787.md
2009-01-27,BOS,agenda,ok,BOS/2009/2009-01-27_BOS_agenda_759.md
2009-01-27,BOS,agenda,ok,BOS/2009/2009-01-27_BOS_agenda_788.md
2009-02-10,BOS,agenda,ok,BOS/2009/2009-02-10_BOS_agenda_760.md
2009-02-10,BOS,agenda,ok,BOS/2009/2009-02-10_BOS_agenda_789.md
2009-02-24,BOS,agenda,ok,BOS/2009/2009-02-24_BOS_agenda_761.md
2009-02-24,BOS,agenda,ok,BOS/2009/2009-02-24_BOS_agenda_790.md
2009-03-10,BOS,agenda,ok,BOS/2009/2009-03-10_BOS_agenda_762.md
2009-03-10,BOS,agenda,ok,BOS/2009/2009-03-10_BOS_agenda_791.md
2009-03-24,BOS,agenda,ok,BOS/2009/2009-03-24_BOS_agenda_763.md
2009-03-24,BOS,agenda,ok,BOS/2009/2009-03-24_BOS_agenda_792.md
2009-04-14,BOS,agenda,ok,BOS/2009/2009-04-14_BOS_agenda_764.md
2009-04-14,BOS,agenda,ok,BOS/2009/2009-04-14_BOS_agenda_793.md
2009-04-28,BOS,agenda,ok,BOS/2009/2009-04-28_BOS_agenda_765.md
2009-04-28,BOS,agenda,ok,BOS/2009/2009-04-28_BOS_agenda_794.md
2009-05-12,BOS,agenda,ok,BOS/2009/2009-05-12_BOS_agenda_766.md
2009-05-12,BOS,agenda,ok,BOS/2009/2009-05-12_BOS_agenda_795.md
2009-05-26,BOS,agenda,ok,BOS/2009/2009-05-26_BOS_agenda_767.md
2009-05-26,BOS,agenda,ok,BOS/2009/2009-05-26_BOS_agenda_796.md
2009-05-27,BOS,agenda,ok,BOS/2009/2009-05-27_BOS_agenda_768.md
2009-05-27,BOS,agenda,ok,BOS/2009/2009-05-27_BOS_agenda_797.md
2009-06-09,BOS,agenda,ok,BOS/2009/2009-06-09_BOS_agenda_769.md
2009-06-09,BOS,agenda,ok,BOS/2009/2009-06-09_BOS_agenda_798.md
2009-06-23,BOS,agenda,ok,BOS/2009/2009-06-23_BOS_agenda_770.md
2009-06-23,BOS,agenda,ok,BOS/2009/2009-06-23_BOS_agenda_799.md
2009-07-14,BOS,agenda,ok,BOS/2009/2009-07-14_BOS_agenda_771.md
2009-07-14,BOS,agenda,ok,BOS/2009/2009-07-14_BOS_agenda_800.md
2009-07-28,BOS,agenda,ok,BOS/2009/2009-07-28_BOS_agenda_772.md
2009-07-28,BOS,agenda,ok,BOS/2009/2009-07-28_BOS_agenda_801.md
2009-08-11,BOS,agenda,ok,BOS/2009/2009-08-11_BOS_agenda_773.md
2009-08-11,BOS,agenda,ok,BOS/2009/2009-08-11_BOS_agenda_802.md
2009-08-17,BOS,agenda,ok,BOS/2009/2009-08-17_BOS_agenda_774.md
2009-08-17,BOS,agenda,ok,BOS/2009/2009-08-17_BOS_agenda_803.md
2009-08-25,BOS,agenda,ok,BOS/2009/2009-08-25_BOS_agenda_775.md
2009-08-25,BOS,agenda,ok,BOS/2009/2009-08-25_BOS_agenda_804.md
2009-09-08,BOS,agenda,ok,BOS/2009/2009-09-08_BOS_agenda_776.md
2009-09-08,BOS,agenda,ok,BOS/2009/2009-09-08_BOS_agenda_805.md
2009-09-22,BOS,agenda,ok,BOS/2009/2009-09-22_BOS_agenda_777.md
2009-09-22,BOS,agenda,ok,BOS/2009/2009-09-22_BOS_agenda_806.md
2009-10-13,BOS,agenda,ok,BOS/2009/2009-10-13_BOS_agenda_778.md
2009-10-13,BOS,agenda,ok,BOS/2009/2009-10-13_BOS_agenda_807.md
2009-10-23,BOS,agenda,ok,BOS/2009/2009-10-23_BOS_agenda_779.md
2009-10-23,BOS,agenda,ok,BOS/2009/2009-10-23_BOS_agenda_808.md
2009-10-27,BOS,agenda,ok,BOS/2009/2009-10-27_BOS_agenda_780.md
2009-10-27,BOS,agenda,ok,BOS/2009/2009-10-27_BOS_agenda_809.md
2009-11-10,BOS,agenda,ok,BOS/2009/2009-11-10_BOS_agenda_781.md
2009-11-10,BOS,agenda,ok,BOS/2009/2009-11-10_BOS_agenda_810.md
2009-11-17,BOS,agenda,ok,BOS/2009/2009-11-17_BOS_agenda_782.md
2009-11-17,BOS,agenda,ok,BOS/2009/2009-11-17_BOS_agenda_811.md
2009-11-24,BOS,agenda,ok,BOS/2009/2009-11-24_BOS_agenda_783.md
2009-11-24,BOS,agenda,ok,BOS/2009/2009-11-24_BOS_agenda_812.md
2009-12-08,BOS,agenda,ok,BOS/2009/2009-12-08_BOS_agenda_784.md
2009-12-08,BOS,agenda,ok,BOS/2009/2009-12-08_BOS_agenda_813.md
2009-12-22,BOS,agenda,ok,BOS/2009/2009-12-22_BOS_agenda_785.md
2009-12-22,BOS,agenda,ok,BOS/2009/2009-12-22_BOS_agenda_814.md
2010-01-12,BOS,agenda,ok,BOS/2010/2010-01-12_BOS_agenda_695.md
2010-01-12,BOS,agenda,ok,BOS/2010/2010-01-12_BOS_agenda_726.md
2010-01-21,BOS,agenda,ok,BOS/2010/2010-01-21_BOS_agenda_696.md
2010-01-21,BOS,agenda,ok,BOS/2010/2010-01-21_BOS_agenda_727.md
2010-01-26,BOS,agenda,ok,BOS/2010/2010-01-26_BOS_agenda_697.md
2010-01-26,BOS,agenda,ok,BOS/2010/2010-01-26_BOS_agenda_728.md
2010-02-09,BOS,agenda,ok,BOS/2010/2010-02-09_BOS_agenda_698.md
2010-02-09,BOS,agenda,ok,BOS/2010/2010-02-09_BOS_agenda_729.md
2010-02-23,BOS,agenda,ok,BOS/2010/2010-02-23_BOS_agenda_699.md
2010-02-23,BOS,agenda,ok,BOS/2010/2010-02-23_BOS_agenda_730.md
2010-03-09,BOS,agenda,ok,BOS/2010/2010-03-09_BOS_agenda_700.md
2010-03-09,BOS,agenda,ok,BOS/2010/2010-03-09_BOS_agenda_731.md
2010-03-23,BOS,agenda,ok,BOS/2010/2010-03-23_BOS_agenda_701.md
2010-03-23,BOS,agenda,ok,BOS/2010/2010-03-23_BOS_agenda_732.md
2010-04-13,BOS,agenda,ok,BOS/2010/2010-04-13_BOS_agenda_702.md
2010-04-13,BOS,agenda,ok,BOS/2010/2010-04-13_BOS_agenda_733.md
2010-04-27,BOS,agenda,ok,BOS/2010/2010-04-27_BOS_agenda_703.md
2010-04-27,BOS,agenda,ok,BOS/2010/2010-04-27_BOS_agenda_734.md
2010-05-11,BOS,agenda,ok,BOS/2010/2010-05-11_BOS_agenda_704.md
2010-05-11,BOS,agenda,ok,BOS/2010/2010-05-11_BOS_agenda_735.md
2010-05-25,BOS,agenda,ok,BOS/2010/2010-05-25_BOS_agenda_705.md
2010-05-25,BOS,agenda,ok,BOS/2010/2010-05-25_BOS_agenda_736.md
2010-05-26,BOS,agenda,ok,BOS/2010/2010-05-26_BOS_agenda_706.md
2010-05-26,BOS,agenda,poor-likely-scanned,BOS/2010/2010-05-26_BOS_agenda_737.md
2010-06-08,BOS,agenda,ok,BOS/2010/2010-06-08_BOS_agenda_707.md
2010-06-08,BOS,agenda,ok,BOS/2010/2010-06-08_BOS_agenda_738.md
2010-06-09,BOS,agenda,ok,BOS/2010/2010-06-09_BOS_agenda_708.md
2010-06-09,BOS,agenda,ok,BOS/2010/2010-06-09_BOS_agenda_739.md
2010-06-22,BOS,agenda,ok,BOS/2010/2010-06-22_BOS_agenda_709.md
2010-06-22,BOS,agenda,ok,BOS/2010/2010-06-22_BOS_agenda_740.md
2010-07-13,BOS,agenda,ok,BOS/2010/2010-07-13_BOS_agenda_710.md
2010-07-13,BOS,agenda,ok,BOS/2010/2010-07-13_BOS_agenda_741.md
2010-07-27,BOS,agenda,ok,BOS/2010/2010-07-27_BOS_agenda_711.md
2010-07-27,BOS,agenda,ok,BOS/2010/2010-07-27_BOS_agenda_742.md
2010-07-28,BOS,agenda,ok,BOS/2010/2010-07-28_BOS_agenda_712.md
2010-07-28,BOS,agenda,ok,BOS/2010/2010-07-28_BOS_agenda_743.md
2010-08-10,BOS,agenda,ok,BOS/2010/2010-08-10_BOS_agenda_713.md
2010-08-10,BOS,agenda,ok,BOS/2010/2010-08-10_BOS_agenda_744.md
2010-08-16,BOS,agenda,ok,BOS/2010/2010-08-16_BOS_agenda_714.md
2010-08-16,BOS,agenda,ok,BOS/2010/2010-08-16_BOS_agenda_745.md
2010-08-24,BOS,agenda,ok,BOS/2010/2010-08-24_BOS_agenda_715.md
2010-08-24,BOS,agenda,ok,BOS/2010/2010-08-24_BOS_agenda_746.md
2010-09-03,BOS,agenda,ok,BOS/2010/2010-09-03_BOS_agenda_716.md
2010-09-03,BOS,agenda,ok,BOS/2010/2010-09-03_BOS_agenda_747.md
2010-09-14,BOS,agenda,ok,BOS/2010/2010-09-14_BOS_agenda_717.md
2010-09-14,BOS,agenda,ok,BOS/2010/2010-09-14_BOS_agenda_748.md
2010-09-28,BOS,agenda,ok,BOS/2010/2010-09-28_BOS_agenda_718.md
2010-09-28,BOS,agenda,ok,BOS/2010/2010-09-28_BOS_agenda_749.md
2010-10-12,BOS,agenda,ok,BOS/2010/2010-10-12_BOS_agenda_719.md
2010-10-12,BOS,agenda,ok,BOS/2010/2010-10-12_BOS_agenda_750.md
2010-10-26,BOS,agenda,ok,BOS/2010/2010-10-26_BOS_agenda_720.md
2010-10-26,BOS,agenda,ok,BOS/2010/2010-10-26_BOS_agenda_751.md
2010-11-09,BOS,agenda,ok,BOS/2010/2010-11-09_BOS_agenda_721.md
2010-11-09,BOS,agenda,ok,BOS/2010/2010-11-09_BOS_agenda_752.md
2010-11-10,BOA,agenda,poor-likely-scanned,BOA/2010/2010-11-10_BOA_agenda_122.md
2010-11-10,BOA,minutes,poor-likely-scanned,BOA/2010/2010-11-10_BOA_minutes_122.md
2010-11-15,BOS,agenda,ok,BOS/2010/2010-11-15_BOS_agenda_722.md
2010-11-15,BOS,agenda,ok,BOS/2010/2010-11-15_BOS_agenda_753.md
2010-11-23,BOS,agenda,ok,BOS/2010/2010-11-23_BOS_agenda_723.md
2010-11-23,BOS,agenda,ok,BOS/2010/2010-11-23_BOS_agenda_754.md
2010-12-14,BOS,agenda,ok,BOS/2010/2010-12-14_BOS_agenda_724.md
2010-12-14,BOS,agenda,ok,BOS/2010/2010-12-14_BOS_agenda_755.md
2010-12-28,BOS,agenda,ok,BOS/2010/2010-12-28_BOS_agenda_725.md
2010-12-28,BOS,agenda,ok,BOS/2010/2010-12-28_BOS_agenda_756.md
2011-01-04,BOS,agenda,ok,BOS/2011/2011-01-04_BOS_agenda_641.md
2011-01-04,BOS,agenda,ok,BOS/2011/2011-01-04_BOS_agenda_668.md
2011-01-20,PZ,agenda,poor-likely-scanned,PZ/2011/2011-01-20_PZ_agenda_160.md
2011-01-20,PZ,minutes,ok,PZ/2011/2011-01-20_PZ_minutes_160.md
2011-01-25,BOS,agenda,ok,BOS/2011/2011-01-25_BOS_agenda_642.md
2011-01-25,BOS,agenda,ok,BOS/2011/2011-01-25_BOS_agenda_669.md
2011-02-08,BOS,agenda,ok,BOS/2011/2011-02-08_BOS_agenda_643.md
2011-02-08,BOS,agenda,ok,BOS/2011/2011-02-08_BOS_agenda_670.md
2011-02-22,BOS,agenda,ok,BOS/2011/2011-02-22_BOS_agenda_644.md
2011-02-22,BOS,agenda,ok,BOS/2011/2011-02-22_BOS_agenda_671.md
2011-03-08,BOS,agenda,ok,BOS/2011/2011-03-08_BOS_agenda_645.md
2011-03-08,BOS,agenda,ok,BOS/2011/2011-03-08_BOS_agenda_672.md
2011-03-22,BOS,agenda,ok,BOS/2011/2011-03-22_BOS_agenda_646.md
2011-03-22,BOS,agenda,ok,BOS/2011/2011-03-22_BOS_agenda_673.md
2011-03-31,PZ,agenda,poor-likely-scanned,PZ/2011/2011-03-31_PZ_agenda_154.md
2011-03-31,PZ,minutes,ok,PZ/2011/2011-03-31_PZ_minutes_154.md
2011-04-12,BOS,agenda,ok,BOS/2011/2011-04-12_BOS_agenda_647.md
2011-04-12,BOS,agenda,ok,BOS/2011/2011-04-12_BOS_agenda_674.md
2011-04-26,BOS,agenda,ok,BOS/2011/2011-04-26_BOS_agenda_648.md
2011-04-26,BOS,agenda,ok,BOS/2011/2011-04-26_BOS_agenda_675.md
2011-05-10,BOS,agenda,ok,BOS/2011/2011-05-10_BOS_agenda_649.md
2011-05-10,BOS,agenda,ok,BOS/2011/2011-05-10_BOS_agenda_676.md
2011-05-11,BOA,agenda,poor-likely-scanned,BOA/2011/2011-05-11_BOA_agenda_125.md
2011-05-11,BOA,minutes,poor-likely-scanned,BOA/2011/2011-05-11_BOA_minutes_125.md
2011-05-19,PZ,agenda,poor-likely-scanned,PZ/2011/2011-05-19_PZ_agenda_150.md
2011-05-19,PZ,minutes,ok,PZ/2011/2011-05-19_PZ_minutes_150.md
2011-05-24,BOS,agenda,ok,BOS/2011/2011-05-24_BOS_agenda_650.md
2011-05-24,BOS,agenda,ok,BOS/2011/2011-05-24_BOS_agenda_677.md
2011-05-25,BOS,agenda,ok,BOS/2011/2011-05-25_BOS_agenda_651.md
2011-05-25,BOS,agenda,ok,BOS/2011/2011-05-25_BOS_agenda_678.md
2011-06-14,BOS,agenda,ok,BOS/2011/2011-06-14_BOS_agenda_652.md
2011-06-14,BOS,agenda,ok,BOS/2011/2011-06-14_BOS_agenda_679.md
2011-06-28,BOS,agenda,ok,BOS/2011/2011-06-28_BOS_agenda_653.md
2011-06-28,BOS,agenda,ok,BOS/2011/2011-06-28_BOS_agenda_680.md
2011-07-01,BOS,agenda,ok,BOS/2011/2011-07-01_BOS_agenda_654.md
2011-07-01,BOS,agenda,poor-likely-scanned,BOS/2011/2011-07-01_BOS_agenda_681.md
2011-07-12,BOS,agenda,ok,BOS/2011/2011-07-12_BOS_agenda_655.md
2011-07-12,BOS,agenda,ok,BOS/2011/2011-07-12_BOS_agenda_682.md
2011-07-21,PZ,agenda,poor-likely-scanned,PZ/2011/2011-07-21_PZ_agenda_156.md
2011-07-21,PZ,minutes,ok,PZ/2011/2011-07-21_PZ_minutes_156.md
2011-07-26,BOS,agenda,ok,BOS/2011/2011-07-26_BOS_agenda_656.md
2011-07-26,BOS,agenda,ok,BOS/2011/2011-07-26_BOS_agenda_683.md
2011-08-09,BOS,agenda,ok,BOS/2011/2011-08-09_BOS_agenda_657.md
2011-08-09,BOS,agenda,ok,BOS/2011/2011-08-09_BOS_agenda_684.md
2011-08-10,BOA,agenda,poor-likely-scanned,BOA/2011/2011-08-10_BOA_agenda_129.md
2011-08-10,BOA,minutes,poor-likely-scanned,BOA/2011/2011-08-10_BOA_minutes_129.md
2011-08-15,BOS,agenda,ok,BOS/2011/2011-08-15_BOS_agenda_658.md
2011-08-15,BOS,agenda,ok,BOS/2011/2011-08-15_BOS_agenda_685.md
2011-08-18,BOA,agenda,poor-likely-scanned,BOA/2011/2011-08-18_BOA_agenda_127.md
2011-08-18,BOA,minutes,ok,BOA/2011/2011-08-18_BOA_minutes_127.md
2011-08-18,PZ,agenda,poor-likely-scanned,PZ/2011/2011-08-18_PZ_agenda_165.md
2011-08-18,PZ,minutes,ok,PZ/2011/2011-08-18_PZ_minutes_165.md
2011-08-23,BOS,agenda,ok,BOS/2011/2011-08-23_BOS_agenda_659.md
2011-08-23,BOS,agenda,ok,BOS/2011/2011-08-23_BOS_agenda_686.md
2011-09-13,BOS,agenda,ok,BOS/2011/2011-09-13_BOS_agenda_660.md
2011-09-13,BOS,agenda,ok,BOS/2011/2011-09-13_BOS_agenda_687.md
2011-09-27,BOS,agenda,ok,BOS/2011/2011-09-27_BOS_agenda_661.md
2011-09-27,BOS,agenda,ok,BOS/2011/2011-09-27_BOS_agenda_688.md
2011-10-11,BOS,agenda,ok,BOS/2011/2011-10-11_BOS_agenda_662.md
2011-10-11,BOS,agenda,ok,BOS/2011/2011-10-11_BOS_agenda_689.md
2011-10-25,BOS,agenda,ok,BOS/2011/2011-10-25_BOS_agenda_663.md
2011-10-25,BOS,agenda,ok,BOS/2011/2011-10-25_BOS_agenda_690.md
2011-11-15,BOS,agenda,ok,BOS/2011/2011-11-15_BOS_agenda_664.md
2011-11-15,BOS,agenda,ok,BOS/2011/2011-11-15_BOS_agenda_691.md
2011-11-17,PZ,agenda,poor-likely-scanned,PZ/2011/2011-11-17_PZ_agenda_149.md
2011-11-17,PZ,minutes,ok,PZ/2011/2011-11-17_PZ_minutes_149.md
2011-11-29,BOS,agenda,ok,BOS/2011/2011-11-29_BOS_agenda_665.md
2011-11-29,BOS,agenda,ok,BOS/2011/2011-11-29_BOS_agenda_692.md
2011-12-13,BOS,agenda,ok,BOS/2011/2011-12-13_BOS_agenda_666.md
2011-12-13,BOS,agenda,ok,BOS/2011/2011-12-13_BOS_agenda_693.md
2011-12-27,BOS,agenda,ok,BOS/2011/2011-12-27_BOS_agenda_667.md
2011-12-27,BOS,agenda,ok,BOS/2011/2011-12-27_BOS_agenda_694.md
2012-01-10,BOS,agenda,ok,BOS/2012/2012-01-10_BOS_agenda_577.md
2012-01-10,BOS,agenda,ok,BOS/2012/2012-01-10_BOS_agenda_609.md
2012-01-19,PZ,agenda,poor-likely-scanned,PZ/2012/2012-01-19_PZ_agenda_161.md
2012-01-19,PZ,minutes,ok,PZ/2012/2012-01-19_PZ_minutes_161.md
2012-01-24,BOS,agenda,ok,BOS/2012/2012-01-24_BOS_agenda_578.md
2012-01-24,BOS,agenda,ok,BOS/2012/2012-01-24_BOS_agenda_610.md
2012-02-14,BOS,agenda,ok,BOS/2012/2012-02-14_BOS_agenda_579.md
2012-02-14,BOS,agenda,ok,BOS/2012/2012-02-14_BOS_agenda_611.md
2012-02-16,PZ,agenda,poor-likely-scanned,PZ/2012/2012-02-16_PZ_agenda_163.md
2012-02-16,PZ,minutes,ok,PZ/2012/2012-02-16_PZ_minutes_163.md
2012-02-28,BOS,agenda,ok,BOS/2012/2012-02-28_BOS_agenda_580.md
2012-02-28,BOS,agenda,ok,BOS/2012/2012-02-28_BOS_agenda_612.md
2012-03-06,BOS,agenda,ok,BOS/2012/2012-03-06_BOS_agenda_581.md
2012-03-06,BOS,agenda,ok,BOS/2012/2012-03-06_BOS_agenda_613.md
2012-03-13,BOS,agenda,ok,BOS/2012/2012-03-13_BOS_agenda_582.md
2012-03-13,BOS,agenda,ok,BOS/2012/2012-03-13_BOS_agenda_614.md
2012-03-27,BOS,agenda,ok,BOS/2012/2012-03-27_BOS_agenda_583.md
2012-03-27,BOS,agenda,ok,BOS/2012/2012-03-27_BOS_agenda_615.md
2012-04-03,BOS,agenda,ok,BOS/2012/2012-04-03_BOS_agenda_584.md
2012-04-03,BOS,agenda,ok,BOS/2012/2012-04-03_BOS_agenda_616.md
2012-04-10,BOS,agenda,ok,BOS/2012/2012-04-10_BOS_agenda_585.md
2012-04-10,BOS,agenda,ok,BOS/2012/2012-04-10_BOS_agenda_617.md
2012-04-24,BOS,agenda,ok,BOS/2012/2012-04-24_BOS_agenda_586.md
2012-04-24,BOS,agenda,ok,BOS/2012/2012-04-24_BOS_agenda_618.md
2012-05-08,BOS,agenda,ok,BOS/2012/2012-05-08_BOS_agenda_587.md
2012-05-08,BOS,agenda,ok,BOS/2012/2012-05-08_BOS_agenda_619.md
2012-05-15,BOS,agenda,ok,BOS/2012/2012-05-15_BOS_agenda_588.md
2012-05-15,BOS,agenda,ok,BOS/2012/2012-05-15_BOS_agenda_620.md
2012-05-22,BOS,agenda,ok,BOS/2012/2012-05-22_BOS_agenda_589.md
2012-05-22,BOS,agenda,ok,BOS/2012/2012-05-22_BOS_agenda_621.md
2012-06-12,BOS,agenda,ok,BOS/2012/2012-06-12_BOS_agenda_590.md
2012-06-12,BOS,agenda,ok,BOS/2012/2012-06-12_BOS_agenda_622.md
2012-06-26,BOS,agenda,ok,BOS/2012/2012-06-26_BOS_agenda_591.md
2012-06-26,BOS,agenda,ok,BOS/2012/2012-06-26_BOS_agenda_623.md
2012-07-10,BOS,agenda,ok,BOS/2012/2012-07-10_BOS_agenda_592.md
2012-07-10,BOS,agenda,ok,BOS/2012/2012-07-10_BOS_agenda_624.md
2012-07-19,PZ,agenda,poor-likely-scanned,PZ/2012/2012-07-19_PZ_agenda_157.md
2012-07-19,PZ,minutes,ok,PZ/2012/2012-07-19_PZ_minutes_157.md
2012-07-24,BOS,agenda,ok,BOS/2012/2012-07-24_BOS_agenda_593.md
2012-07-24,BOS,agenda,ok,BOS/2012/2012-07-24_BOS_agenda_625.md
2012-08-14,BOS,agenda,ok,BOS/2012/2012-08-14_BOS_agenda_594.md
2012-08-14,BOS,agenda,ok,BOS/2012/2012-08-14_BOS_agenda_626.md
2012-08-16,BOS,agenda,ok,BOS/2012/2012-08-16_BOS_agenda_595.md
2012-08-16,BOS,agenda,ok,BOS/2012/2012-08-16_BOS_agenda_627.md
2012-08-23,PZ,agenda,poor-likely-scanned,PZ/2012/2012-08-23_PZ_agenda_164.md
2012-08-23,PZ,minutes,ok,PZ/2012/2012-08-23_PZ_minutes_164.md
2012-08-28,BOS,agenda,ok,BOS/2012/2012-08-28_BOS_agenda_596.md
2012-08-28,BOS,agenda,ok,BOS/2012/2012-08-28_BOS_agenda_628.md
2012-09-07,BOS,agenda,ok,BOS/2012/2012-09-07_BOS_agenda_597.md
2012-09-07,BOS,agenda,poor-likely-scanned,BOS/2012/2012-09-07_BOS_agenda_629.md
2012-09-10,BOS,agenda,ok,BOS/2012/2012-09-10_BOS_agenda_598.md
2012-09-10,BOS,agenda,ok,BOS/2012/2012-09-10_BOS_agenda_630.md
2012-09-11,BOS,agenda,ok,BOS/2012/2012-09-11_BOS_agenda_599.md
2012-09-11,BOS,agenda,ok,BOS/2012/2012-09-11_BOS_agenda_631.md
2012-09-25,BOS,agenda,ok,BOS/2012/2012-09-25_BOS_agenda_600.md
2012-09-25,BOS,agenda,ok,BOS/2012/2012-09-25_BOS_agenda_632.md
2012-10-09,BOS,agenda,ok,BOS/2012/2012-10-09_BOS_agenda_601.md
2012-10-09,BOS,agenda,ok,BOS/2012/2012-10-09_BOS_agenda_633.md
2012-10-23,BOS,agenda,ok,BOS/2012/2012-10-23_BOS_agenda_602.md
2012-10-23,BOS,agenda,ok,BOS/2012/2012-10-23_BOS_agenda_634.md
2012-10-31,BOS,agenda,ok,BOS/2012/2012-10-31_BOS_agenda_603.md
2012-10-31,BOS,agenda,ok,BOS/2012/2012-10-31_BOS_agenda_635.md
2012-11-13,BOS,agenda,ok,BOS/2012/2012-11-13_BOS_agenda_604.md
2012-11-13,BOS,agenda,ok,BOS/2012/2012-11-13_BOS_agenda_636.md
2012-11-20,BOS,agenda,ok,BOS/2012/2012-11-20_BOS_agenda_605.md
2012-11-20,BOS,agenda,poor-likely-scanned,BOS/2012/2012-11-20_BOS_agenda_637.md
2012-11-27,BOS,agenda,ok,BOS/2012/2012-11-27_BOS_agenda_606.md
2012-11-27,BOS,agenda,ok,BOS/2012/2012-11-27_BOS_agenda_638.md
2012-12-11,BOS,agenda,ok,BOS/2012/2012-12-11_BOS_agenda_607.md
2012-12-11,BOS,agenda,ok,BOS/2012/2012-12-11_BOS_agenda_639.md
2012-12-17,BOS,agenda,ok,BOS/2012/2012-12-17_BOS_agenda_608.md
2012-12-17,BOS,agenda,poor-likely-scanned,BOS/2012/2012-12-17_BOS_agenda_640.md
2013-01-08,BOS,agenda,ok,BOS/2013/2013-01-08_BOS_agenda_527.md
2013-01-08,BOS,agenda,ok,BOS/2013/2013-01-08_BOS_agenda_552.md
2013-01-22,BOS,agenda,ok,BOS/2013/2013-01-22_BOS_agenda_528.md
2013-01-22,BOS,agenda,ok,BOS/2013/2013-01-22_BOS_agenda_553.md
2013-02-07,BOS,agenda,ok,BOS/2013/2013-02-07_BOS_agenda_529.md
2013-02-07,BOS,agenda,poor-likely-scanned,BOS/2013/2013-02-07_BOS_agenda_554.md
2013-02-12,BOS,agenda,ok,BOS/2013/2013-02-12_BOS_agenda_530.md
2013-02-12,BOS,agenda,ok,BOS/2013/2013-02-12_BOS_agenda_555.md
2013-02-26,BOS,agenda,ok,BOS/2013/2013-02-26_BOS_agenda_531.md
2013-02-26,BOS,agenda,ok,BOS/2013/2013-02-26_BOS_agenda_556.md
2013-03-12,BOS,agenda,ok,BOS/2013/2013-03-12_BOS_agenda_532.md
2013-03-12,BOS,agenda,ok,BOS/2013/2013-03-12_BOS_agenda_557.md
2013-03-21,PZ,agenda,poor-likely-scanned,PZ/2013/2013-03-21_PZ_agenda_155.md
2013-03-21,PZ,minutes,ok,PZ/2013/2013-03-21_PZ_minutes_155.md
2013-03-26,BOS,agenda,ok,BOS/2013/2013-03-26_BOS_agenda_533.md
2013-03-26,BOS,agenda,ok,BOS/2013/2013-03-26_BOS_agenda_558.md
2013-04-09,BOS,agenda,ok,BOS/2013/2013-04-09_BOS_agenda_534.md
2013-04-09,BOS,agenda,ok,BOS/2013/2013-04-09_BOS_agenda_559.md
2013-04-18,PZ,agenda,poor-likely-scanned,PZ/2013/2013-04-18_PZ_agenda_166.md
2013-04-18,PZ,minutes,ok,PZ/2013/2013-04-18_PZ_minutes_166.md
2013-04-23,BOS,agenda,ok,BOS/2013/2013-04-23_BOS_agenda_535.md
2013-04-23,BOS,agenda,ok,BOS/2013/2013-04-23_BOS_agenda_560.md
2013-05-14,BOS,agenda,ok,BOS/2013/2013-05-14_BOS_agenda_536.md
2013-05-14,BOS,agenda,ok,BOS/2013/2013-05-14_BOS_agenda_561.md
2013-05-15,BOA,agenda,poor-likely-scanned,BOA/2013/2013-05-15_BOA_agenda_123.md
2013-05-15,BOA,minutes,ok,BOA/2013/2013-05-15_BOA_minutes_123.md
2013-05-16,PZ,agenda,poor-likely-scanned,PZ/2013/2013-05-16_PZ_agenda_152.md
2013-05-16,PZ,minutes,ok,PZ/2013/2013-05-16_PZ_minutes_152.md
2013-05-20,BOS,agenda,ok,BOS/2013/2013-05-20_BOS_agenda_537.md
2013-05-20,BOS,agenda,ok,BOS/2013/2013-05-20_BOS_agenda_562.md
2013-05-28,BOS,agenda,ok,BOS/2013/2013-05-28_BOS_agenda_538.md
2013-05-28,BOS,agenda,ok,BOS/2013/2013-05-28_BOS_agenda_563.md
2013-06-11,BOS,agenda,ok,BOS/2013/2013-06-11_BOS_agenda_539.md
2013-06-11,BOS,agenda,ok,BOS/2013/2013-06-11_BOS_agenda_564.md
2013-06-25,BOS,agenda,ok,BOS/2013/2013-06-25_BOS_agenda_540.md
2013-06-25,BOS,agenda,ok,BOS/2013/2013-06-25_BOS_agenda_565.md
2013-07-09,BOS,agenda,ok,BOS/2013/2013-07-09_BOS_agenda_541.md
2013-07-09,BOS,agenda,ok,BOS/2013/2013-07-09_BOS_agenda_566.md
2013-07-18,PZ,agenda,poor-likely-scanned,PZ/2013/2013-07-18_PZ_agenda_158.md
2013-07-18,PZ,minutes,ok,PZ/2013/2013-07-18_PZ_minutes_158.md
2013-07-23,BOS,agenda,ok,BOS/2013/2013-07-23_BOS_agenda_542.md
2013-07-23,BOS,agenda,ok,BOS/2013/2013-07-23_BOS_agenda_567.md
2013-08-13,BOS,agenda,ok,BOS/2013/2013-08-13_BOS_agenda_543.md
2013-08-13,BOS,agenda,ok,BOS/2013/2013-08-13_BOS_agenda_568.md
2013-08-14,BOA,agenda,poor-likely-scanned,BOA/2013/2013-08-14_BOA_agenda_128.md
2013-08-14,BOA,minutes,ok,BOA/2013/2013-08-14_BOA_minutes_128.md
2013-08-27,BOS,agenda,ok,BOS/2013/2013-08-27_BOS_agenda_544.md
2013-08-27,BOS,agenda,ok,BOS/2013/2013-08-27_BOS_agenda_569.md
2013-09-10,BOS,agenda,ok,BOS/2013/2013-09-10_BOS_agenda_545.md
2013-09-10,BOS,agenda,ok,BOS/2013/2013-09-10_BOS_agenda_570.md
2013-09-24,BOS,agenda,ok,BOS/2013/2013-09-24_BOS_agenda_546.md
2013-09-24,BOS,agenda,ok,BOS/2013/2013-09-24_BOS_agenda_571.md
2013-10-08,BOS,agenda,ok,BOS/2013/2013-10-08_BOS_agenda_547.md
2013-10-08,BOS,agenda,ok,BOS/2013/2013-10-08_BOS_agenda_572.md
2013-10-22,BOS,agenda,ok,BOS/2013/2013-10-22_BOS_agenda_548.md
2013-10-22,BOS,agenda,ok,BOS/2013/2013-10-22_BOS_agenda_573.md
2013-11-12,BOS,agenda,ok,BOS/2013/2013-11-12_BOS_agenda_549.md
2013-11-12,BOS,agenda,ok,BOS/2013/2013-11-12_BOS_agenda_574.md
2013-11-26,BOS,agenda,ok,BOS/2013/2013-11-26_BOS_agenda_550.md
2013-11-26,BOS,agenda,ok,BOS/2013/2013-11-26_BOS_agenda_575.md
2013-12-10,BOS,agenda,ok,BOS/2013/2013-12-10_BOS_agenda_551.md
2013-12-10,BOS,agenda,ok,BOS/2013/2013-12-10_BOS_agenda_576.md
2014-01-14,BOS,agenda,ok,BOS/2014/2014-01-14_BOS_agenda_493.md
2014-01-14,BOS,agenda,ok,BOS/2014/2014-01-14_BOS_agenda_499.md
2014-01-16,PZ,agenda,poor-likely-scanned,PZ/2014/2014-01-16_PZ_agenda_162.md
2014-01-16,PZ,minutes,ok,PZ/2014/2014-01-16_PZ_minutes_162.md
2014-01-28,BOS,agenda,ok,BOS/2014/2014-01-28_BOS_agenda_494.md
2014-01-28,BOS,agenda,ok,BOS/2014/2014-01-28_BOS_agenda_500.md
2014-02-11,BOS,agenda,ok,BOS/2014/2014-02-11_BOS_agenda_495.md
2014-02-11,BOS,agenda,ok,BOS/2014/2014-02-11_BOS_agenda_501.md
2014-02-25,BOS,agenda,ok,BOS/2014/2014-02-25_BOS_agenda_496.md
2014-02-25,BOS,agenda,ok,BOS/2014/2014-02-25_BOS_agenda_502.md
2014-03-11,BOS,agenda,ok,BOS/2014/2014-03-11_BOS_agenda_497.md
2014-03-11,BOS,agenda,ok,BOS/2014/2014-03-11_BOS_agenda_503.md
2014-03-25,BOS,agenda,ok,BOS/2014/2014-03-25_BOS_agenda_498.md
2014-03-25,BOS,agenda,ok,BOS/2014/2014-03-25_BOS_agenda_504.md
2014-04-08,BOS,agenda,ok,BOS/2014/2014-04-08_BOS_agenda_471.md
2014-04-08,BOS,agenda,ok,BOS/2014/2014-04-08_BOS_agenda_505.md
2014-04-17,PZ,agenda,poor-likely-scanned,PZ/2014/2014-04-17_PZ_agenda_167.md
2014-04-17,PZ,minutes,ok,PZ/2014/2014-04-17_PZ_minutes_167.md
2014-04-22,BOS,agenda,ok,BOS/2014/2014-04-22_BOS_agenda_472.md
2014-04-22,BOS,agenda,ok,BOS/2014/2014-04-22_BOS_agenda_506.md
2014-05-13,BOS,agenda,ok,BOS/2014/2014-05-13_BOS_agenda_473.md
2014-05-13,BOS,agenda,ok,BOS/2014/2014-05-13_BOS_agenda_507.md
2014-05-15,PZ,agenda,poor-likely-scanned,PZ/2014/2014-05-15_PZ_agenda_153.md
2014-05-15,PZ,minutes,ok,PZ/2014/2014-05-15_PZ_minutes_153.md
2014-05-27,BOS,agenda,ok,BOS/2014/2014-05-27_BOS_agenda_474.md
2014-05-27,BOS,agenda,ok,BOS/2014/2014-05-27_BOS_agenda_508.md
2014-06-10,BOS,agenda,ok,BOS/2014/2014-06-10_BOS_agenda_475.md
2014-06-10,BOS,agenda,ok,BOS/2014/2014-06-10_BOS_agenda_509.md
2014-06-24,BOS,agenda,ok,BOS/2014/2014-06-24_BOS_agenda_476.md
2014-06-24,BOS,agenda,ok,BOS/2014/2014-06-24_BOS_agenda_510.md
2014-07-08,BOS,agenda,ok,BOS/2014/2014-07-08_BOS_agenda_477.md
2014-07-08,BOS,agenda,ok,BOS/2014/2014-07-08_BOS_agenda_511.md
2014-07-17,PZ,agenda,poor-likely-scanned,PZ/2014/2014-07-17_PZ_agenda_159.md
2014-07-17,PZ,minutes,ok,PZ/2014/2014-07-17_PZ_minutes_159.md
2014-07-22,BOS,agenda,ok,BOS/2014/2014-07-22_BOS_agenda_478.md
2014-07-22,BOS,agenda,ok,BOS/2014/2014-07-22_BOS_agenda_512.md
2014-08-12,BOS,agenda,ok,BOS/2014/2014-08-12_BOS_agenda_479.md
2014-08-12,BOS,agenda,ok,BOS/2014/2014-08-12_BOS_agenda_513.md
2014-08-26,BOS,agenda,ok,BOS/2014/2014-08-26_BOS_agenda_480.md
2014-08-26,BOS,agenda,ok,BOS/2014/2014-08-26_BOS_agenda_514.md
2014-09-04,BOS,agenda,ok,BOS/2014/2014-09-04_BOS_agenda_481.md
2014-09-04,BOS,agenda,poor-likely-scanned,BOS/2014/2014-09-04_BOS_agenda_515.md
2014-09-09,BOS,agenda,ok,BOS/2014/2014-09-09_BOS_agenda_482.md
2014-09-09,BOS,agenda,ok,BOS/2014/2014-09-09_BOS_agenda_516.md
2014-09-12,BOS,agenda,ok,BOS/2014/2014-09-12_BOS_agenda_483.md
2014-09-12,BOS,agenda,ok,BOS/2014/2014-09-12_BOS_agenda_517.md
2014-09-23,BOS,agenda,ok,BOS/2014/2014-09-23_BOS_agenda_484.md
2014-09-23,BOS,agenda,ok,BOS/2014/2014-09-23_BOS_agenda_518.md
2014-09-30,BOS,agenda,ok,BOS/2014/2014-09-30_BOS_agenda_485.md
2014-09-30,BOS,agenda,poor-likely-scanned,BOS/2014/2014-09-30_BOS_agenda_519.md
2014-10-14,BOS,agenda,ok,BOS/2014/2014-10-14_BOS_agenda_486.md
2014-10-14,BOS,agenda,ok,BOS/2014/2014-10-14_BOS_agenda_520.md
2014-10-17,BOS,agenda,ok,BOS/2014/2014-10-17_BOS_agenda_487.md
2014-10-17,BOS,agenda,poor-likely-scanned,BOS/2014/2014-10-17_BOS_agenda_521.md
2014-10-28,BOS,agenda,ok,BOS/2014/2014-10-28_BOS_agenda_488.md
2014-10-28,BOS,agenda,ok,BOS/2014/2014-10-28_BOS_agenda_522.md
2014-11-10,BOS,agenda,ok,BOS/2014/2014-11-10_BOS_agenda_489.md
2014-11-10,BOS,agenda,ok,BOS/2014/2014-11-10_BOS_agenda_523.md
2014-11-12,BOA,agenda,poor-likely-scanned,BOA/2014/2014-11-12_BOA_agenda_121.md
2014-11-12,BOA,minutes,ok,BOA/2014/2014-11-12_BOA_minutes_121.md
2014-11-18,BOS,agenda,ok,BOS/2014/2014-11-18_BOS_agenda_490.md
2014-11-18,BOS,agenda,poor-likely-scanned,BOS/2014/2014-11-18_BOS_agenda_524.md
2014-11-25,BOS,agenda,ok,BOS/2014/2014-11-25_BOS_agenda_491.md
2014-11-25,BOS,agenda,ok,BOS/2014/2014-11-25_BOS_agenda_525.md
2014-12-09,BOS,agenda,ok,BOS/2014/2014-12-09_BOS_agenda_492.md
2014-12-09,BOS,agenda,ok,BOS/2014/2014-12-09_BOS_agenda_526.md
2015-01-13,BOS,agenda,ok,BOS/2015/2015-01-13_BOS_agenda_227.md
2015-01-13,BOS,agenda,ok,BOS/2015/2015-01-13_BOS_agenda_418.md
2015-01-13,BOS,agenda,ok,BOS/2015/2015-01-13_BOS_agenda_467.md
2015-01-27,BOS,agenda,ok,BOS/2015/2015-01-27_BOS_agenda_228.md
2015-01-27,BOS,agenda,ok,BOS/2015/2015-01-27_BOS_agenda_419.md
2015-01-27,BOS,agenda,ok,BOS/2015/2015-01-27_BOS_agenda_468.md
2015-02-10,BOS,agenda,ok,BOS/2015/2015-02-10_BOS_agenda_229.md
2015-02-10,BOS,agenda,ok,BOS/2015/2015-02-10_BOS_agenda_420.md
2015-02-10,BOS,agenda,ok,BOS/2015/2015-02-10_BOS_agenda_469.md
2015-02-19,PZ,agenda,ok,PZ/2015/2015-02-19_PZ_agenda_138.md
2015-02-19,PZ,minutes,poor-likely-scanned,PZ/2015/2015-02-19_PZ_minutes_138.md
2015-02-24,BOS,agenda,ok,BOS/2015/2015-02-24_BOS_agenda_230.md
2015-02-24,BOS,agenda,ok,BOS/2015/2015-02-24_BOS_agenda_421.md
2015-02-24,BOS,agenda,ok,BOS/2015/2015-02-24_BOS_agenda_470.md
2015-03-10,BOS,agenda,ok,BOS/2015/2015-03-10_BOS_agenda_231.md
2015-03-10,BOS,agenda,ok,BOS/2015/2015-03-10_BOS_agenda_422.md
2015-03-10,BOS,agenda,ok,BOS/2015/2015-03-10_BOS_agenda_445.md
2015-03-24,BOS,agenda,ok,BOS/2015/2015-03-24_BOS_agenda_232.md
2015-03-24,BOS,agenda,ok,BOS/2015/2015-03-24_BOS_agenda_423.md
2015-03-24,BOS,agenda,ok,BOS/2015/2015-03-24_BOS_agenda_446.md
2015-04-14,BOS,agenda,ok,BOS/2015/2015-04-14_BOS_agenda_233.md
2015-04-14,BOS,agenda,ok,BOS/2015/2015-04-14_BOS_agenda_424.md
2015-04-14,BOS,agenda,ok,BOS/2015/2015-04-14_BOS_agenda_447.md
2015-04-28,BOS,agenda,ok,BOS/2015/2015-04-28_BOS_agenda_236.md
2015-04-28,BOS,agenda,ok,BOS/2015/2015-04-28_BOS_agenda_425.md
2015-04-28,BOS,agenda,ok,BOS/2015/2015-04-28_BOS_agenda_448.md
2015-05-11,BOS,agenda,ok,BOS/2015/2015-05-11_BOS_agenda_234.md
2015-05-11,BOS,agenda,ok,BOS/2015/2015-05-11_BOS_agenda_426.md
2015-05-11,BOS,agenda,ok,BOS/2015/2015-05-11_BOS_agenda_449.md
2015-05-21,PZ,agenda,ok,PZ/2015/2015-05-21_PZ_agenda_137.md
2015-05-21,PZ,minutes,poor-likely-scanned,PZ/2015/2015-05-21_PZ_minutes_137.md
2015-05-26,BOS,agenda,ok,BOS/2015/2015-05-26_BOS_agenda_237.md
2015-05-26,BOS,agenda,ok,BOS/2015/2015-05-26_BOS_agenda_427.md
2015-05-26,BOS,agenda,ok,BOS/2015/2015-05-26_BOS_agenda_450.md
2015-06-02,BOS,agenda,ok,BOS/2015/2015-06-02_BOS_agenda_238.md
2015-06-02,BOS,agenda,ok,BOS/2015/2015-06-02_BOS_agenda_428.md
2015-06-02,BOS,agenda,poor-likely-scanned,BOS/2015/2015-06-02_BOS_agenda_451.md
2015-06-09,BOS,agenda,ok,BOS/2015/2015-06-09_BOS_agenda_241.md
2015-06-09,BOS,agenda,ok,BOS/2015/2015-06-09_BOS_agenda_429.md
2015-06-09,BOS,agenda,ok,BOS/2015/2015-06-09_BOS_agenda_452.md
2015-07-08,BOA,agenda,ok,BOA/2015/2015-07-08_BOA_agenda_116.md
2015-07-14,BOS,agenda,ok,BOS/2015/2015-07-14_BOS_agenda_240.md
2015-07-14,BOS,agenda,ok,BOS/2015/2015-07-14_BOS_agenda_430.md
2015-07-14,BOS,agenda,ok,BOS/2015/2015-07-14_BOS_agenda_466.md
2015-07-16,BOS,agenda,ok,BOS/2015/2015-07-16_BOS_agenda_239.md
2015-07-16,BOS,agenda,ok,BOS/2015/2015-07-16_BOS_agenda_431.md
2015-07-16,BOS,agenda,poor-likely-scanned,BOS/2015/2015-07-16_BOS_agenda_453.md
2015-07-28,BOS,agenda,ok,BOS/2015/2015-07-28_BOS_agenda_242.md
2015-07-28,BOS,agenda,ok,BOS/2015/2015-07-28_BOS_agenda_432.md
2015-07-28,BOS,agenda,ok,BOS/2015/2015-07-28_BOS_agenda_454.md
2015-08-11,BOS,agenda,ok,BOS/2015/2015-08-11_BOS_agenda_243.md
2015-08-11,BOS,agenda,ok,BOS/2015/2015-08-11_BOS_agenda_433.md
2015-08-11,BOS,agenda,ok,BOS/2015/2015-08-11_BOS_agenda_455.md
2015-08-20,PZ,agenda,ok,PZ/2015/2015-08-20_PZ_agenda_136.md
2015-08-20,PZ,minutes,ok,PZ/2015/2015-08-20_PZ_minutes_136.md
2015-08-25,BOS,agenda,ok,BOS/2015/2015-08-25_BOS_agenda_244.md
2015-08-25,BOS,agenda,ok,BOS/2015/2015-08-25_BOS_agenda_434.md
2015-08-25,BOS,agenda,ok,BOS/2015/2015-08-25_BOS_agenda_456.md
2015-09-08,BOS,agenda,ok,BOS/2015/2015-09-08_BOS_agenda_247.md
2015-09-08,BOS,agenda,ok,BOS/2015/2015-09-08_BOS_agenda_435.md
2015-09-08,BOS,agenda,ok,BOS/2015/2015-09-08_BOS_agenda_457.md
2015-09-09,BOA,agenda,ok,BOA/2015/2015-09-09_BOA_agenda_118.md
2015-09-09,BOA,minutes,poor-likely-scanned,BOA/2015/2015-09-09_BOA_minutes_118.md
2015-09-17,BOA,agenda,ok,BOA/2015/2015-09-17_BOA_agenda_119.md
2015-09-22,BOS,agenda,ok,BOS/2015/2015-09-22_BOS_agenda_245.md
2015-09-22,BOS,agenda,ok,BOS/2015/2015-09-22_BOS_agenda_436.md
2015-09-22,BOS,agenda,ok,BOS/2015/2015-09-22_BOS_agenda_458.md
2015-10-13,BOS,agenda,ok,BOS/2015/2015-10-13_BOS_agenda_246.md
2015-10-13,BOS,agenda,ok,BOS/2015/2015-10-13_BOS_agenda_437.md
2015-10-13,BOS,agenda,ok,BOS/2015/2015-10-13_BOS_agenda_459.md
2015-10-14,BOA,agenda,ok,BOA/2015/2015-10-14_BOA_agenda_117.md
2015-10-15,PZ,agenda,ok,PZ/2015/2015-10-15_PZ_agenda_135.md
2015-10-15,PZ,minutes,ok,PZ/2015/2015-10-15_PZ_minutes_135.md
2015-10-27,BOS,agenda,ok,BOS/2015/2015-10-27_BOS_agenda_248.md
2015-10-27,BOS,agenda,ok,BOS/2015/2015-10-27_BOS_agenda_438.md
2015-10-27,BOS,agenda,ok,BOS/2015/2015-10-27_BOS_agenda_460.md
2015-11-10,BOS,agenda,ok,BOS/2015/2015-11-10_BOS_agenda_250.md
2015-11-10,BOS,agenda,ok,BOS/2015/2015-11-10_BOS_agenda_439.md
2015-11-10,BOS,agenda,ok,BOS/2015/2015-11-10_BOS_agenda_461.md
2015-11-19,BOS,agenda,ok,BOS/2015/2015-11-19_BOS_agenda_249.md
2015-11-19,BOS,agenda,ok,BOS/2015/2015-11-19_BOS_agenda_440.md
2015-11-20,BOS,agenda,ok,BOS/2015/2015-11-20_BOS_agenda_253.md
2015-11-20,BOS,agenda,ok,BOS/2015/2015-11-20_BOS_agenda_441.md
2015-11-20,BOS,agenda,ok,BOS/2015/2015-11-20_BOS_agenda_462.md
2015-11-24,BOS,agenda,ok,BOS/2015/2015-11-24_BOS_agenda_251.md
2015-11-24,BOS,agenda,ok,BOS/2015/2015-11-24_BOS_agenda_442.md
2015-11-24,BOS,agenda,ok,BOS/2015/2015-11-24_BOS_agenda_463.md
2015-12-08,BOS,agenda,ok,BOS/2015/2015-12-08_BOS_agenda_252.md
2015-12-08,BOS,agenda,ok,BOS/2015/2015-12-08_BOS_agenda_443.md
2015-12-08,BOS,agenda,ok,BOS/2015/2015-12-08_BOS_agenda_464.md
2015-12-09,BOA,agenda,poor-likely-scanned,BOA/2015/2015-12-09_BOA_agenda_126.md
2015-12-09,BOA,minutes,ok,BOA/2015/2015-12-09_BOA_minutes_126.md
2015-12-29,BOS,agenda,ok,BOS/2015/2015-12-29_BOS_agenda_254.md
2015-12-29,BOS,agenda,ok,BOS/2015/2015-12-29_BOS_agenda_444.md
2015-12-29,BOS,agenda,ok,BOS/2015/2015-12-29_BOS_agenda_465.md
2016-01-12,BOS,agenda,ok,BOS/2016/2016-01-12_BOS_agenda_285.md
2016-01-12,BOS,agenda,ok,BOS/2016/2016-01-12_BOS_agenda_375.md
2016-01-12,BOS,agenda,ok,BOS/2016/2016-01-12_BOS_agenda_392.md
2016-01-26,BOS,agenda,ok,BOS/2016/2016-01-26_BOS_agenda_286.md
2016-01-26,BOS,agenda,ok,BOS/2016/2016-01-26_BOS_agenda_376.md
2016-01-26,BOS,agenda,ok,BOS/2016/2016-01-26_BOS_agenda_393.md
2016-02-09,BOS,agenda,ok,BOS/2016/2016-02-09_BOS_agenda_287.md
2016-02-09,BOS,agenda,ok,BOS/2016/2016-02-09_BOS_agenda_377.md
2016-02-09,BOS,agenda,ok,BOS/2016/2016-02-09_BOS_agenda_394.md
2016-02-10,BOA,agenda,ok,BOA/2016/2016-02-10_BOA_agenda_115.md
2016-02-18,PZ,agenda,ok,PZ/2016/2016-02-18_PZ_agenda_132.md
2016-02-23,BOS,agenda,ok,BOS/2016/2016-02-23_BOS_agenda_288.md
2016-02-23,BOS,agenda,ok,BOS/2016/2016-02-23_BOS_agenda_378.md
2016-02-23,BOS,agenda,ok,BOS/2016/2016-02-23_BOS_agenda_395.md
2016-03-08,BOS,agenda,ok,BOS/2016/2016-03-08_BOS_agenda_289.md
2016-03-08,BOS,agenda,ok,BOS/2016/2016-03-08_BOS_agenda_379.md
2016-03-08,BOS,agenda,ok,BOS/2016/2016-03-08_BOS_agenda_396.md
2016-03-17,PZ,agenda,ok,PZ/2016/2016-03-17_PZ_agenda_133.md
2016-03-22,BOS,agenda,ok,BOS/2016/2016-03-22_BOS_agenda_290.md
2016-03-22,BOS,agenda,ok,BOS/2016/2016-03-22_BOS_agenda_380.md
2016-03-22,BOS,agenda,ok,BOS/2016/2016-03-22_BOS_agenda_397.md
2016-03-31,BOS,agenda,ok,BOS/2016/2016-03-31_BOS_agenda_292.md
2016-03-31,BOS,agenda,ok,BOS/2016/2016-03-31_BOS_agenda_381.md
2016-03-31,BOS,agenda,poor-likely-scanned,BOS/2016/2016-03-31_BOS_agenda_398.md
2016-04-12,BOS,agenda,ok,BOS/2016/2016-04-12_BOS_agenda_291.md
2016-04-12,BOS,agenda,ok,BOS/2016/2016-04-12_BOS_agenda_382.md
2016-04-12,BOS,agenda,ok,BOS/2016/2016-04-12_BOS_agenda_399.md
2016-04-13,BOA,agenda,ok,BOA/2016/2016-04-13_BOA_agenda_112.md
2016-04-26,BOS,agenda,ok,BOS/2016/2016-04-26_BOS_agenda_293.md
2016-04-26,BOS,agenda,ok,BOS/2016/2016-04-26_BOS_agenda_383.md
2016-04-26,BOS,agenda,ok,BOS/2016/2016-04-26_BOS_agenda_400.md
2016-05-10,BOS,agenda,ok,BOS/2016/2016-05-10_BOS_agenda_294.md
2016-05-10,BOS,agenda,ok,BOS/2016/2016-05-10_BOS_agenda_295.md
2016-05-10,BOS,agenda,ok,BOS/2016/2016-05-10_BOS_agenda_384.md
2016-05-11,BOA,agenda,poor-likely-scanned,BOA/2016/2016-05-11_BOA_agenda_124.md
2016-05-11,BOA,minutes,ok,BOA/2016/2016-05-11_BOA_minutes_124.md
2016-05-24,BOS,agenda,ok,BOS/2016/2016-05-24_BOS_agenda_298.md
2016-05-24,BOS,agenda,ok,BOS/2016/2016-05-24_BOS_agenda_299.md
2016-05-24,BOS,agenda,ok,BOS/2016/2016-05-24_BOS_agenda_385.md
2016-06-14,BOS,agenda,ok,BOS/2016/2016-06-14_BOS_agenda_296.md
2016-06-14,BOS,agenda,ok,BOS/2016/2016-06-14_BOS_agenda_386.md
2016-06-14,BOS,agenda,ok,BOS/2016/2016-06-14_BOS_agenda_401.md
2016-06-15,BOS,agenda,ok,BOS/2016/2016-06-15_BOS_agenda_297.md
2016-06-15,BOS,agenda,ok,BOS/2016/2016-06-15_BOS_agenda_387.md
2016-06-15,BOS,agenda,ok,BOS/2016/2016-06-15_BOS_agenda_402.md
2016-06-24,BOS,agenda,ok,BOS/2016/2016-06-24_BOS_agenda_300.md
2016-06-24,BOS,agenda,ok,BOS/2016/2016-06-24_BOS_agenda_388.md
2016-06-24,BOS,agenda,ok,BOS/2016/2016-06-24_BOS_agenda_403.md
2016-06-28,BOS,agenda,ok,BOS/2016/2016-06-28_BOS_agenda_301.md
2016-06-28,BOS,agenda,ok,BOS/2016/2016-06-28_BOS_agenda_389.md
2016-06-28,BOS,agenda,ok,BOS/2016/2016-06-28_BOS_agenda_404.md
2016-07-12,BOS,agenda,ok,BOS/2016/2016-07-12_BOS_agenda_304.md
2016-07-12,BOS,agenda,ok,BOS/2016/2016-07-12_BOS_agenda_390.md
2016-07-12,BOS,agenda,ok,BOS/2016/2016-07-12_BOS_agenda_405.md
2016-07-26,BOS,agenda,ok,BOS/2016/2016-07-26_BOS_agenda_302.md
2016-07-26,BOS,agenda,ok,BOS/2016/2016-07-26_BOS_agenda_391.md
2016-07-26,BOS,agenda,ok,BOS/2016/2016-07-26_BOS_agenda_406.md
2016-08-09,BOS,agenda,ok,BOS/2016/2016-08-09_BOS_agenda_303.md
2016-08-09,BOS,agenda,ok,BOS/2016/2016-08-09_BOS_agenda_364.md
2016-08-09,BOS,agenda,ok,BOS/2016/2016-08-09_BOS_agenda_407.md
2016-08-10,BOA,agenda,ok,BOA/2016/2016-08-10_BOA_agenda_113.md
2016-08-10,BOA,minutes,ok,BOA/2016/2016-08-10_BOA_minutes_113.md
2016-08-23,BOS,agenda,ok,BOS/2016/2016-08-23_BOS_agenda_365.md
2016-08-23,BOS,agenda,ok,BOS/2016/2016-08-23_BOS_agenda_408.md
2016-08-26,BOS,agenda,ok,BOS/2016/2016-08-26_BOS_agenda_306.md
2016-09-08,BOS,agenda,ok,BOS/2016/2016-09-08_BOS_agenda_305.md
2016-09-08,BOS,agenda,ok,BOS/2016/2016-09-08_BOS_agenda_366.md
2016-09-08,BOS,agenda,poor-likely-scanned,BOS/2016/2016-09-08_BOS_agenda_409.md
2016-09-13,BOS,agenda,ok,BOS/2016/2016-09-13_BOS_agenda_308.md
2016-09-13,BOS,agenda,ok,BOS/2016/2016-09-13_BOS_agenda_367.md
2016-09-13,BOS,agenda,ok,BOS/2016/2016-09-13_BOS_agenda_410.md
2016-09-14,BOA,agenda,ok,BOA/2016/2016-09-14_BOA_agenda_120.md
2016-09-14,BOA,minutes,ok,BOA/2016/2016-09-14_BOA_minutes_120.md
2016-09-27,BOS,agenda,ok,BOS/2016/2016-09-27_BOS_agenda_307.md
2016-09-27,BOS,agenda,ok,BOS/2016/2016-09-27_BOS_agenda_368.md
2016-09-27,BOS,agenda,ok,BOS/2016/2016-09-27_BOS_agenda_411.md
2016-10-11,BOS,agenda,ok,BOS/2016/2016-10-11_BOS_agenda_309.md
2016-10-11,BOS,agenda,ok,BOS/2016/2016-10-11_BOS_agenda_369.md
2016-10-11,BOS,agenda,ok,BOS/2016/2016-10-11_BOS_agenda_412.md
2016-10-14,BOS,agenda,ok,BOS/2016/2016-10-14_BOS_agenda_310.md
2016-10-14,BOS,agenda,ok,BOS/2016/2016-10-14_BOS_agenda_370.md
2016-10-14,BOS,agenda,ok,BOS/2016/2016-10-14_BOS_agenda_413.md
2016-10-20,PZ,agenda,ok,PZ/2016/2016-10-20_PZ_agenda_134.md
2016-10-25,BOS,agenda,ok,BOS/2016/2016-10-25_BOS_agenda_312.md
2016-10-25,BOS,agenda,ok,BOS/2016/2016-10-25_BOS_agenda_371.md
2016-10-25,BOS,agenda,ok,BOS/2016/2016-10-25_BOS_agenda_414.md
2016-11-08,BOS,agenda,ok,BOS/2016/2016-11-08_BOS_agenda_311.md
2016-11-08,BOS,agenda,ok,BOS/2016/2016-11-08_BOS_agenda_372.md
2016-11-08,BOS,agenda,ok,BOS/2016/2016-11-08_BOS_agenda_415.md
2016-11-22,BOS,agenda,ok,BOS/2016/2016-11-22_BOS_agenda_313.md
2016-11-22,BOS,agenda,ok,BOS/2016/2016-11-22_BOS_agenda_373.md
2016-11-22,BOS,agenda,ok,BOS/2016/2016-11-22_BOS_agenda_416.md
2016-12-13,BOS,agenda,ok,BOS/2016/2016-12-13_BOS_agenda_314.md
2016-12-13,BOS,agenda,ok,BOS/2016/2016-12-13_BOS_agenda_374.md
2016-12-13,BOS,agenda,ok,BOS/2016/2016-12-13_BOS_agenda_417.md
2016-12-14,BOA,agenda,ok,BOA/2016/2016-12-14_BOA_agenda_114.md
2017-01-01,BOS,agenda,poor-likely-scanned,BOS/2017/2017-01-01_BOS_agenda_319.md
2017-01-11,BOA,agenda,ok,BOA/2017/2017-01-11_BOA_agenda_1.md
2017-01-11,BOA,minutes,ok,BOA/2017/2017-01-11_BOA_minutes_1.md
2017-02-15,BOA,agenda,ok,BOA/2017/2017-02-15_BOA_agenda_2.md
2017-02-15,BOA,minutes,ok,BOA/2017/2017-02-15_BOA_minutes_2.md
2017-02-16,PZ,agenda,ok,PZ/2017/2017-02-16_PZ_agenda_143.md
2017-02-16,PZ,minutes,ok,PZ/2017/2017-02-16_PZ_minutes_143.md
2017-03-14,BOS,agenda-packet,ok,BOS/2017/2017-03-14_BOS_agenda-packet_seq1.md
2017-03-14,BOS,minutes,ok,BOS/2017/2017-03-14_BOS_minutes_seq1.md
2017-03-28,BOS,agenda-packet,ok,BOS/2017/2017-03-28_BOS_agenda-packet_seq2.md
2017-03-28,BOS,minutes,ok,BOS/2017/2017-03-28_BOS_minutes_seq2.md
2017-04-11,BOS,agenda-packet,ok,BOS/2017/2017-04-11_BOS_agenda-packet_seq9.md
2017-04-11,BOS,minutes,ok,BOS/2017/2017-04-11_BOS_minutes_seq9.md
2017-04-20,PZ,agenda,ok,PZ/2017/2017-04-20_PZ_agenda_144.md
2017-04-20,PZ,minutes,ok,PZ/2017/2017-04-20_PZ_minutes_144.md
2017-04-25,BOS,agenda-packet,ok,BOS/2017/2017-04-25_BOS_agenda-packet_seq10.md
2017-04-25,BOS,minutes,ok,BOS/2017/2017-04-25_BOS_minutes_seq10.md
2017-05-09,BOS,agenda-packet,ok,BOS/2017/2017-05-09_BOS_agenda-packet_seq11.md
2017-05-09,BOS,minutes,ok,BOS/2017/2017-05-09_BOS_minutes_seq11.md
2017-05-10,BOA,agenda,ok,BOA/2017/2017-05-10_BOA_agenda_3.md
2017-05-10,BOA,minutes,ok,BOA/2017/2017-05-10_BOA_minutes_3.md
2017-05-23,BOS,agenda-packet,ok,BOS/2017/2017-05-23_BOS_agenda-packet_seq12.md
2017-05-23,BOS,minutes,ok,BOS/2017/2017-05-23_BOS_minutes_seq12.md
2017-05-25,PZ,agenda,ok,PZ/2017/2017-05-25_PZ_agenda_145.md
2017-05-25,PZ,minutes,ok,PZ/2017/2017-05-25_PZ_minutes_145.md
2017-06-13,BOS,agenda-packet,ok,BOS/2017/2017-06-13_BOS_agenda-packet_seq13.md
2017-06-13,BOS,minutes,ok,BOS/2017/2017-06-13_BOS_minutes_seq13.md
2017-06-14,BOA,agenda,ok,BOA/2017/2017-06-14_BOA_agenda_4.md
2017-06-14,BOA,minutes,poor-likely-scanned,BOA/2017/2017-06-14_BOA_minutes_4.md
2017-06-22,PZ,agenda,ok,PZ/2017/2017-06-22_PZ_agenda_146.md
2017-06-22,PZ,minutes,ok,PZ/2017/2017-06-22_PZ_minutes_146.md
2017-06-27,BOS,agenda-packet,ok,BOS/2017/2017-06-27_BOS_agenda-packet_seq14.md
2017-06-27,BOS,minutes,ok,BOS/2017/2017-06-27_BOS_minutes_seq14.md
2017-06-28,BOA,agenda,ok,BOA/2017/2017-06-28_BOA_agenda_5.md
2017-06-28,BOA,minutes,poor-likely-scanned,BOA/2017/2017-06-28_BOA_minutes_5.md
2017-07-11,BOS,agenda-packet,ok,BOS/2017/2017-07-11_BOS_agenda-packet_seq17.md
2017-07-11,BOS,minutes,ok,BOS/2017/2017-07-11_BOS_minutes_seq17.md
2017-07-20,PZ,agenda,ok,PZ/2017/2017-07-20_PZ_agenda_147.md
2017-07-20,PZ,minutes,poor-likely-scanned,PZ/2017/2017-07-20_PZ_minutes_147.md
2017-07-25,BOS,agenda-packet,ok,BOS/2017/2017-07-25_BOS_agenda-packet_seq18.md
2017-07-25,BOS,minutes,ok,BOS/2017/2017-07-25_BOS_minutes_seq18.md
2017-08-08,BOS,agenda-packet,ok,BOS/2017/2017-08-08_BOS_agenda-packet_seq19.md
2017-08-08,BOS,minutes,ok,BOS/2017/2017-08-08_BOS_minutes_seq19.md
2017-08-09,BOA,agenda,ok,BOA/2017/2017-08-09_BOA_agenda_6.md
2017-08-15,BOS,agenda-packet,ok,BOS/2017/2017-08-15_BOS_agenda-packet_seq23.md
2017-08-15,BOS,minutes,ok,BOS/2017/2017-08-15_BOS_minutes_seq23.md
2017-08-17,PZ,agenda,ok,PZ/2017/2017-08-17_PZ_agenda_130.md
2017-08-22,BOS,agenda-packet,ok,BOS/2017/2017-08-22_BOS_agenda-packet_seq20.md
2017-08-22,BOS,minutes,ok,BOS/2017/2017-08-22_BOS_minutes_seq20.md
2017-08-31,BOS,agenda-packet,ok,BOS/2017/2017-08-31_BOS_agenda-packet_seq24.md
2017-08-31,BOS,minutes,ok,BOS/2017/2017-08-31_BOS_minutes_seq24.md
2017-09-05,BOS,agenda-packet,ok,BOS/2017/2017-09-05_BOS_agenda-packet_seq25.md
2017-09-05,BOS,minutes,ok,BOS/2017/2017-09-05_BOS_minutes_seq25.md
2017-09-12,BOS,agenda-packet,ok,BOS/2017/2017-09-12_BOS_agenda-packet_seq21.md
2017-09-12,BOS,minutes,ok,BOS/2017/2017-09-12_BOS_minutes_seq21.md
2017-09-13,BOA,agenda,ok,BOA/2017/2017-09-13_BOA_agenda_7.md
2017-09-19,BOS,agenda-packet,ok,BOS/2017/2017-09-19_BOS_agenda-packet_seq31.md
2017-09-19,BOS,minutes,ok,BOS/2017/2017-09-19_BOS_minutes_seq31.md
2017-09-22,BOS,agenda-packet,ok,BOS/2017/2017-09-22_BOS_agenda-packet_seq32.md
2017-09-22,BOS,minutes,ok,BOS/2017/2017-09-22_BOS_minutes_seq32.md
2017-09-26,BOS,agenda-packet,ok,BOS/2017/2017-09-26_BOS_agenda-packet_seq22.md
2017-09-26,BOS,minutes,ok,BOS/2017/2017-09-26_BOS_minutes_seq22.md
2017-10-10,BOS,agenda-packet,ok,BOS/2017/2017-10-10_BOS_agenda-packet_seq26.md
2017-10-10,BOS,minutes,ok,BOS/2017/2017-10-10_BOS_minutes_seq26.md
2017-10-19,PZ,agenda,ok,PZ/2017/2017-10-19_PZ_agenda_131.md
2017-10-19,PZ,minutes,ok,PZ/2017/2017-10-19_PZ_minutes_131.md
2017-10-24,BOS,agenda-packet,ok,BOS/2017/2017-10-24_BOS_agenda-packet_seq27.md
2017-10-24,BOS,minutes,ok,BOS/2017/2017-10-24_BOS_minutes_seq27.md
2017-11-14,BOS,agenda-packet,ok,BOS/2017/2017-11-14_BOS_agenda-packet_seq28.md
2017-11-14,BOS,minutes,ok,BOS/2017/2017-11-14_BOS_minutes_seq28.md
2017-11-28,BOS,agenda-packet,ok,BOS/2017/2017-11-28_BOS_agenda-packet_seq29.md
2017-11-28,BOS,minutes,ok,BOS/2017/2017-11-28_BOS_minutes_seq29.md
2017-12-12,BOS,agenda-packet,ok,BOS/2017/2017-12-12_BOS_agenda-packet_seq30.md
2017-12-12,BOS,minutes,ok,BOS/2017/2017-12-12_BOS_minutes_seq30.md
2018-01-09,BOS,agenda-packet,ok,BOS/2018/2018-01-09_BOS_agenda-packet_seq35.md
2018-01-09,BOS,minutes,ok,BOS/2018/2018-01-09_BOS_minutes_seq35.md
2018-01-23,BOS,agenda-packet,ok,BOS/2018/2018-01-23_BOS_agenda-packet_seq36.md
2018-01-23,BOS,minutes,ok,BOS/2018/2018-01-23_BOS_minutes_seq36.md
2018-02-13,BOS,agenda-packet,ok,BOS/2018/2018-02-13_BOS_agenda-packet_seq58.md
2018-02-13,BOS,minutes,ok,BOS/2018/2018-02-13_BOS_minutes_seq58.md
2018-02-14,BOA,agenda,ok,BOA/2018/2018-02-14_BOA_agenda_13.md
2018-02-27,BOS,agenda-packet,ok,BOS/2018/2018-02-27_BOS_agenda-packet_seq59.md
2018-02-27,BOS,minutes,ok,BOS/2018/2018-02-27_BOS_minutes_seq59.md
2018-03-13,BOS,agenda-packet,ok,BOS/2018/2018-03-13_BOS_agenda-packet_seq60.md
2018-03-13,BOS,minutes,ok,BOS/2018/2018-03-13_BOS_minutes_seq60.md
2018-03-27,BOS,agenda-packet,ok,BOS/2018/2018-03-27_BOS_agenda-packet_seq61.md
2018-03-27,BOS,minutes,ok,BOS/2018/2018-03-27_BOS_minutes_seq61.md
2018-04-10,BOS,agenda-packet,ok,BOS/2018/2018-04-10_BOS_agenda-packet_seq62.md
2018-04-10,BOS,minutes,ok,BOS/2018/2018-04-10_BOS_minutes_seq62.md
2018-04-11,BOA,agenda,ok,BOA/2018/2018-04-11_BOA_agenda_14.md
2018-04-24,BOS,agenda-packet,ok,BOS/2018/2018-04-24_BOS_agenda-packet_seq63.md
2018-04-24,BOS,minutes,ok,BOS/2018/2018-04-24_BOS_minutes_seq63.md
2018-05-08,BOS,agenda-packet,ok,BOS/2018/2018-05-08_BOS_agenda-packet_seq64.md
2018-05-08,BOS,minutes,ok,BOS/2018/2018-05-08_BOS_minutes_seq64.md
2018-05-17,PZ,agenda,ok,PZ/2018/2018-05-17_PZ_agenda_142.md
2018-05-17,PZ,minutes,ok,PZ/2018/2018-05-17_PZ_minutes_142.md
2018-05-22,BOS,agenda-packet,ok,BOS/2018/2018-05-22_BOS_agenda-packet_seq65.md
2018-05-22,BOS,minutes,ok,BOS/2018/2018-05-22_BOS_minutes_seq65.md
2018-06-12,BOS,agenda-packet,ok,BOS/2018/2018-06-12_BOS_agenda-packet_seq66.md
2018-06-12,BOS,minutes,ok,BOS/2018/2018-06-12_BOS_minutes_seq66.md
2018-06-21,PZ,agenda,ok,PZ/2018/2018-06-21_PZ_agenda_141.md
2018-06-26,BOS,agenda-packet,ok,BOS/2018/2018-06-26_BOS_agenda-packet_seq67.md
2018-06-26,BOS,minutes,ok,BOS/2018/2018-06-26_BOS_minutes_seq67.md
2018-07-10,BOS,agenda-packet,ok,BOS/2018/2018-07-10_BOS_agenda-packet_seq68.md
2018-07-10,BOS,minutes,ok,BOS/2018/2018-07-10_BOS_minutes_seq68.md
2018-07-24,BOS,agenda-packet,ok,BOS/2018/2018-07-24_BOS_agenda-packet_seq69.md
2018-07-24,BOS,minutes,ok,BOS/2018/2018-07-24_BOS_minutes_seq69.md
2018-08-07,BOS,agenda-packet,ok,BOS/2018/2018-08-07_BOS_agenda-packet_seq79.md
2018-08-07,BOS,minutes,ok,BOS/2018/2018-08-07_BOS_minutes_seq79.md
2018-08-08,BOA,agenda,ok,BOA/2018/2018-08-08_BOA_agenda_15.md
2018-08-14,BOS,agenda-packet,ok,BOS/2018/2018-08-14_BOS_agenda-packet_seq70.md
2018-08-14,BOS,minutes,ok,BOS/2018/2018-08-14_BOS_minutes_seq70.md
2018-08-28,BOS,agenda-packet,ok,BOS/2018/2018-08-28_BOS_agenda-packet_seq71.md
2018-08-28,BOS,minutes,ok,BOS/2018/2018-08-28_BOS_minutes_seq71.md
2018-09-06,BOS,agenda-packet,ok,BOS/2018/2018-09-06_BOS_agenda-packet_seq81.md
2018-09-06,BOS,minutes,ok,BOS/2018/2018-09-06_BOS_minutes_seq81.md
2018-09-11,BOA,agenda,poor-likely-scanned,BOA/2018/2018-09-11_BOA_agenda_17.md
2018-09-11,BOA,minutes,ok,BOA/2018/2018-09-11_BOA_minutes_17.md
2018-09-11,BOS,agenda-packet,ok,BOS/2018/2018-09-11_BOS_agenda-packet_seq72.md
2018-09-11,BOS,minutes,ok,BOS/2018/2018-09-11_BOS_minutes_seq72.md
2018-09-20,PZ,agenda,ok,PZ/2018/2018-09-20_PZ_agenda_140.md
2018-09-20,PZ,minutes,ok,PZ/2018/2018-09-20_PZ_minutes_140.md
2018-09-25,BOS,agenda-packet,ok,BOS/2018/2018-09-25_BOS_agenda-packet_seq73.md
2018-09-25,BOS,minutes,ok,BOS/2018/2018-09-25_BOS_minutes_seq73.md
2018-10-09,BOS,agenda-packet,ok,BOS/2018/2018-10-09_BOS_agenda-packet_seq74.md
2018-10-09,BOS,minutes,ok,BOS/2018/2018-10-09_BOS_minutes_seq74.md
2018-10-23,BOS,agenda-packet,ok,BOS/2018/2018-10-23_BOS_agenda-packet_seq75.md
2018-10-23,BOS,minutes,ok,BOS/2018/2018-10-23_BOS_minutes_seq75.md
2018-11-13,BOS,agenda-packet,ok,BOS/2018/2018-11-13_BOS_agenda-packet_seq76.md
2018-11-13,BOS,minutes,ok,BOS/2018/2018-11-13_BOS_minutes_seq76.md
2018-11-16,BOS,agenda-packet,ok,BOS/2018/2018-11-16_BOS_agenda-packet_seq82.md
2018-11-16,BOS,minutes,ok,BOS/2018/2018-11-16_BOS_minutes_seq82.md
2018-11-27,BOS,agenda-packet,ok,BOS/2018/2018-11-27_BOS_agenda-packet_seq77.md
2018-11-27,BOS,minutes,ok,BOS/2018/2018-11-27_BOS_minutes_seq77.md
2018-12-11,BOS,agenda-packet,ok,BOS/2018/2018-12-11_BOS_agenda-packet_seq78.md
2018-12-11,BOS,minutes,ok,BOS/2018/2018-12-11_BOS_minutes_seq78.md
2018-12-12,BOA,agenda,poor-likely-scanned,BOA/2018/2018-12-12_BOA_agenda_16.md
2018-12-20,PZ,agenda,ok,PZ/2018/2018-12-20_PZ_agenda_139.md
2019-01-08,BOS,agenda-packet,ok,BOS/2019/2019-01-08_BOS_agenda-packet_seq83.md
2019-01-08,BOS,minutes,ok,BOS/2019/2019-01-08_BOS_minutes_seq83.md
2019-01-17,PZ,agenda,ok,PZ/2019/2019-01-17_PZ_agenda_40.md
2019-01-17,PZ,minutes,ok,PZ/2019/2019-01-17_PZ_minutes_40.md
2019-01-22,BOS,agenda-packet,ok,BOS/2019/2019-01-22_BOS_agenda-packet_seq84.md
2019-01-22,BOS,minutes,ok,BOS/2019/2019-01-22_BOS_minutes_seq84.md
2019-02-12,BOS,agenda-packet,ok,BOS/2019/2019-02-12_BOS_agenda-packet_seq85.md
2019-02-12,BOS,minutes,ok,BOS/2019/2019-02-12_BOS_minutes_seq85.md
2019-02-13,BOA,agenda,ok,BOA/2019/2019-02-13_BOA_agenda_20.md
2019-02-21,BOS,agenda-packet,ok,BOS/2019/2019-02-21_BOS_agenda-packet_seq93.md
2019-02-21,BOS,minutes,ok,BOS/2019/2019-02-21_BOS_minutes_seq93.md
2019-02-26,BOS,agenda-packet,ok,BOS/2019/2019-02-26_BOS_agenda-packet_seq86.md
2019-02-26,BOS,minutes,ok,BOS/2019/2019-02-26_BOS_minutes_seq86.md
2019-03-12,BOS,agenda-packet,ok,BOS/2019/2019-03-12_BOS_agenda-packet_seq87.md
2019-03-12,BOS,minutes,ok,BOS/2019/2019-03-12_BOS_minutes_seq87.md
2019-03-21,PZ,agenda,ok,PZ/2019/2019-03-21_PZ_agenda_41.md
2019-03-21,PZ,minutes,ok,PZ/2019/2019-03-21_PZ_minutes_41.md
2019-03-26,BOS,agenda-packet,ok,BOS/2019/2019-03-26_BOS_agenda-packet_seq88.md
2019-03-26,BOS,minutes,ok,BOS/2019/2019-03-26_BOS_minutes_seq88.md
2019-04-09,BOS,agenda-packet,ok,BOS/2019/2019-04-09_BOS_agenda-packet_seq89.md
2019-04-09,BOS,minutes,ok,BOS/2019/2019-04-09_BOS_minutes_seq89.md
2019-04-10,BOA,agenda,poor-likely-scanned,BOA/2019/2019-04-10_BOA_agenda_23.md
2019-04-16,PZ,agenda,ok,PZ/2019/2019-04-16_PZ_agenda_42.md
2019-04-23,BOS,agenda-packet,ok,BOS/2019/2019-04-23_BOS_agenda-packet_seq90.md
2019-04-23,BOS,minutes,ok,BOS/2019/2019-04-23_BOS_minutes_seq90.md
2019-05-14,BOS,agenda-packet,ok,BOS/2019/2019-05-14_BOS_agenda-packet_seq94.md
2019-05-14,BOS,minutes,ok,BOS/2019/2019-05-14_BOS_minutes_seq94.md
2019-05-28,BOS,agenda-packet,ok,BOS/2019/2019-05-28_BOS_agenda-packet_seq95.md
2019-05-28,BOS,minutes,ok,BOS/2019/2019-05-28_BOS_minutes_seq95.md
2019-06-11,BOS,agenda-packet,ok,BOS/2019/2019-06-11_BOS_agenda-packet_seq96.md
2019-06-11,BOS,minutes,ok,BOS/2019/2019-06-11_BOS_minutes_seq96.md
2019-06-25,BOS,agenda-packet,ok,BOS/2019/2019-06-25_BOS_agenda-packet_seq97.md
2019-06-25,BOS,minutes,ok,BOS/2019/2019-06-25_BOS_minutes_seq97.md
2019-06-27,PZ,agenda,ok,PZ/2019/2019-06-27_PZ_agenda_43.md
2019-06-27,PZ,minutes,ok,PZ/2019/2019-06-27_PZ_minutes_43.md
2019-07-09,BOS,agenda-packet,ok,BOS/2019/2019-07-09_BOS_agenda-packet_seq98.md
2019-07-09,BOS,minutes,ok,BOS/2019/2019-07-09_BOS_minutes_seq98.md
2019-07-10,BOA,agenda,ok,BOA/2019/2019-07-10_BOA_agenda_22.md
2019-07-10,BOA,minutes,ok,BOA/2019/2019-07-10_BOA_minutes_22.md
2019-07-23,BOS,agenda-packet,ok,BOS/2019/2019-07-23_BOS_agenda-packet_seq99.md
2019-07-23,BOS,minutes,ok,BOS/2019/2019-07-23_BOS_minutes_seq99.md
2019-08-13,BOS,agenda-packet,ok,BOS/2019/2019-08-13_BOS_agenda-packet_seq100.md
2019-08-13,BOS,minutes,ok,BOS/2019/2019-08-13_BOS_minutes_seq100.md
2019-08-15,BOS,agenda-packet,ok,BOS/2019/2019-08-15_BOS_agenda-packet_seq110.md
2019-08-15,BOS,minutes,ok,BOS/2019/2019-08-15_BOS_minutes_seq110.md
2019-08-15,PZ,agenda,ok,PZ/2019/2019-08-15_PZ_agenda_39.md
2019-08-15,PZ,agenda,ok,PZ/2019/2019-08-15_PZ_agenda_44.md
2019-09-03,BOS,agenda-packet,ok,BOS/2019/2019-09-03_BOS_agenda-packet_seq111.md
2019-09-03,BOS,minutes,ok,BOS/2019/2019-09-03_BOS_minutes_seq111.md
2019-09-10,BOS,agenda-packet,ok,BOS/2019/2019-09-10_BOS_agenda-packet_seq102.md
2019-09-10,BOS,minutes,ok,BOS/2019/2019-09-10_BOS_minutes_seq102.md
2019-09-11,BOA,agenda,ok,BOA/2019/2019-09-11_BOA_agenda_18.md
2019-09-24,BOS,agenda-packet,ok,BOS/2019/2019-09-24_BOS_agenda-packet_seq103.md
2019-09-24,BOS,minutes,ok,BOS/2019/2019-09-24_BOS_minutes_seq103.md
2019-10-08,BOS,agenda-packet,ok,BOS/2019/2019-10-08_BOS_agenda-packet_seq104.md
2019-10-08,BOS,minutes,ok,BOS/2019/2019-10-08_BOS_minutes_seq104.md
2019-10-17,PZ,agenda,ok,PZ/2019/2019-10-17_PZ_agenda_45.md
2019-10-17,PZ,minutes,ok,PZ/2019/2019-10-17_PZ_minutes_45.md
2019-10-22,BOS,agenda-packet,ok,BOS/2019/2019-10-22_BOS_agenda-packet_seq105.md
2019-10-22,BOS,minutes,ok,BOS/2019/2019-10-22_BOS_minutes_seq105.md
2019-10-28,BOS,agenda-packet,ok,BOS/2019/2019-10-28_BOS_agenda-packet_seq112.md
2019-10-28,BOS,minutes,ok,BOS/2019/2019-10-28_BOS_minutes_seq112.md
2019-11-12,BOS,agenda-packet,ok,BOS/2019/2019-11-12_BOS_agenda-packet_seq106.md
2019-11-12,BOS,minutes,ok,BOS/2019/2019-11-12_BOS_minutes_seq106.md
2019-11-15,BOS,agenda-packet,ok,BOS/2019/2019-11-15_BOS_agenda-packet_seq113.md
2019-11-15,BOS,minutes,ok,BOS/2019/2019-11-15_BOS_minutes_seq113.md
2019-11-21,PZ,agenda,ok,PZ/2019/2019-11-21_PZ_agenda_46.md
2019-11-21,PZ,minutes,ok,PZ/2019/2019-11-21_PZ_minutes_46.md
2019-12-10,BOS,agenda-packet,ok,BOS/2019/2019-12-10_BOS_agenda-packet_seq108.md
2019-12-10,BOS,minutes,ok,BOS/2019/2019-12-10_BOS_minutes_seq108.md
2019-12-11,BOA,agenda,ok,BOA/2019/2019-12-11_BOA_agenda_19.md
2019-12-11,BOA,minutes,ok,BOA/2019/2019-12-11_BOA_minutes_19.md
2019-12-19,PZ,agenda,ok,PZ/2019/2019-12-19_PZ_agenda_47.md
2019-12-19,PZ,minutes,ok,PZ/2019/2019-12-19_PZ_minutes_47.md
2020-01-14,BOS,agenda-packet,ok,BOS/2020/2020-01-14_BOS_agenda-packet_seq115.md
2020-01-14,BOS,minutes,ok,BOS/2020/2020-01-14_BOS_minutes_seq115.md
2020-01-28,BOS,agenda-packet,ok,BOS/2020/2020-01-28_BOS_agenda-packet_seq114.md
2020-01-28,BOS,minutes,ok,BOS/2020/2020-01-28_BOS_minutes_seq114.md
2020-02-11,BOS,agenda-packet,ok,BOS/2020/2020-02-11_BOS_agenda-packet_seq116.md
2020-02-11,BOS,minutes,ok,BOS/2020/2020-02-11_BOS_minutes_seq116.md
2020-02-25,BOS,agenda-packet,ok,BOS/2020/2020-02-25_BOS_agenda-packet_seq117.md
2020-02-25,BOS,minutes,ok,BOS/2020/2020-02-25_BOS_minutes_seq117.md
2020-03-10,BOS,agenda-packet,ok,BOS/2020/2020-03-10_BOS_agenda-packet_seq118.md
2020-03-10,BOS,minutes,ok,BOS/2020/2020-03-10_BOS_minutes_seq118.md
2020-03-11,BOA,agenda,ok,BOA/2020/2020-03-11_BOA_agenda_21.md
2020-03-11,BOA,minutes,ok,BOA/2020/2020-03-11_BOA_minutes_21.md
2020-03-23,BOS,agenda-packet,ok,BOS/2020/2020-03-23_BOS_agenda-packet_seq139.md
2020-03-23,BOS,minutes,ok,BOS/2020/2020-03-23_BOS_minutes_seq139.md
2020-03-24,BOS,agenda-packet,ok,BOS/2020/2020-03-24_BOS_agenda-packet_seq138.md
2020-03-27,BOS,agenda-packet,ok,BOS/2020/2020-03-27_BOS_agenda-packet_seq137.md
2020-03-27,BOS,minutes,ok,BOS/2020/2020-03-27_BOS_minutes_seq137.md
2020-04-14,BOS,agenda-packet,ok,BOS/2020/2020-04-14_BOS_agenda-packet_seq120.md
2020-04-14,BOS,minutes,ok,BOS/2020/2020-04-14_BOS_minutes_seq120.md
2020-04-28,BOS,agenda-packet,ok,BOS/2020/2020-04-28_BOS_agenda-packet_seq121.md
2020-04-28,BOS,minutes,ok,BOS/2020/2020-04-28_BOS_minutes_seq121.md
2020-05-12,BOS,agenda-packet,ok,BOS/2020/2020-05-12_BOS_agenda-packet_seq122.md
2020-05-12,BOS,minutes,ok,BOS/2020/2020-05-12_BOS_minutes_seq122.md
2020-05-21,PZ,agenda,ok,PZ/2020/2020-05-21_PZ_agenda_49.md
2020-05-21,PZ,minutes,ok,PZ/2020/2020-05-21_PZ_minutes_49.md
2020-05-26,BOS,agenda-packet,ok,BOS/2020/2020-05-26_BOS_agenda-packet_seq123.md
2020-05-26,BOS,minutes,ok,BOS/2020/2020-05-26_BOS_minutes_seq123.md
2020-06-04,PZ,agenda,ok,PZ/2020/2020-06-04_PZ_agenda_50.md
2020-06-04,PZ,minutes,poor-likely-scanned,PZ/2020/2020-06-04_PZ_minutes_50.md
2020-06-09,BOS,agenda-packet,ok,BOS/2020/2020-06-09_BOS_agenda-packet_seq124.md
2020-06-09,BOS,minutes,ok,BOS/2020/2020-06-09_BOS_minutes_seq124.md
2020-06-18,PZ,agenda,ok,PZ/2020/2020-06-18_PZ_agenda_51.md
2020-06-18,PZ,minutes,ok,PZ/2020/2020-06-18_PZ_minutes_51.md
2020-06-23,BOS,agenda-packet,ok,BOS/2020/2020-06-23_BOS_agenda-packet_seq125.md
2020-06-23,BOS,minutes,ok,BOS/2020/2020-06-23_BOS_minutes_seq125.md
2020-07-07,BOS,agenda-packet,ok,BOS/2020/2020-07-07_BOS_agenda-packet_seq126.md
2020-07-07,BOS,minutes,ok,BOS/2020/2020-07-07_BOS_minutes_seq126.md
2020-07-16,PZ,agenda,poor-likely-scanned,PZ/2020/2020-07-16_PZ_agenda_53.md
2020-07-21,BOS,agenda-packet,ok,BOS/2020/2020-07-21_BOS_agenda-packet_seq127.md
2020-07-21,BOS,minutes,ok,BOS/2020/2020-07-21_BOS_minutes_seq127.md
2020-08-11,BOS,agenda-packet,ok,BOS/2020/2020-08-11_BOS_agenda-packet_seq128.md
2020-08-11,BOS,minutes,ok,BOS/2020/2020-08-11_BOS_minutes_seq128.md
2020-08-12,BOA,agenda,ok,BOA/2020/2020-08-12_BOA_agenda_26.md
2020-08-12,BOA,minutes,ok,BOA/2020/2020-08-12_BOA_minutes_26.md
2020-08-13,BOS,agenda-packet,ok,BOS/2020/2020-08-13_BOS_agenda-packet_seq142.md
2020-08-13,BOS,minutes,ok,BOS/2020/2020-08-13_BOS_minutes_seq142.md
2020-08-17,BOS,agenda-packet,ok,BOS/2020/2020-08-17_BOS_agenda-packet_seq143.md
2020-08-17,BOS,minutes,ok,BOS/2020/2020-08-17_BOS_minutes_seq143.md
2020-08-25,BOS,agenda-packet,ok,BOS/2020/2020-08-25_BOS_agenda-packet_seq129.md
2020-08-25,BOS,minutes,ok,BOS/2020/2020-08-25_BOS_minutes_seq129.md
2020-09-08,BOS,agenda-packet,ok,BOS/2020/2020-09-08_BOS_agenda-packet_seq130.md
2020-09-22,BOS,agenda-packet,ok,BOS/2020/2020-09-22_BOS_agenda-packet_seq131.md
2020-09-22,BOS,minutes,ok,BOS/2020/2020-09-22_BOS_minutes_seq131.md
2020-10-13,BOS,agenda-packet,ok,BOS/2020/2020-10-13_BOS_agenda-packet_seq132.md
2020-10-13,BOS,minutes,ok,BOS/2020/2020-10-13_BOS_minutes_seq132.md
2020-10-14,BOA,agenda,ok,BOA/2020/2020-10-14_BOA_agenda_24.md
2020-10-14,BOA,minutes,ok,BOA/2020/2020-10-14_BOA_minutes_24.md
2020-10-27,BOS,agenda-packet,ok,BOS/2020/2020-10-27_BOS_agenda-packet_seq133.md
2020-10-27,BOS,minutes,ok,BOS/2020/2020-10-27_BOS_minutes_seq133.md
2020-11-10,BOS,agenda-packet,ok,BOS/2020/2020-11-10_BOS_agenda-packet_seq134.md
2020-11-10,BOS,minutes,ok,BOS/2020/2020-11-10_BOS_minutes_seq134.md
2020-11-12,BOA,agenda,ok,BOA/2020/2020-11-12_BOA_agenda_27.md
2020-11-13,BOS,agenda-packet,ok,BOS/2020/2020-11-13_BOS_agenda-packet_seq145.md
2020-11-13,BOS,minutes,ok,BOS/2020/2020-11-13_BOS_minutes_seq146.md
2020-11-19,PZ,agenda,ok,PZ/2020/2020-11-19_PZ_agenda_52.md
2020-11-19,PZ,minutes,ok,PZ/2020/2020-11-19_PZ_minutes_52.md
2020-12-08,BOS,agenda-packet,ok,BOS/2020/2020-12-08_BOS_agenda-packet_seq135.md
2020-12-08,BOS,minutes,ok,BOS/2020/2020-12-08_BOS_minutes_seq135.md
2020-12-09,BOA,agenda,ok,BOA/2020/2020-12-09_BOA_agenda_25.md
2020-12-09,BOA,minutes,ok,BOA/2020/2020-12-09_BOA_minutes_25.md
2020-12-17,PZ,agenda,ok,PZ/2020/2020-12-17_PZ_agenda_48.md
2020-12-17,PZ,minutes,ok,PZ/2020/2020-12-17_PZ_minutes_48.md
2021-01-12,BOS,agenda-packet,ok,BOS/2021/2021-01-12_BOS_agenda-packet_seq146.md
2021-01-12,BOS,minutes,ok,BOS/2021/2021-01-12_BOS_minutes_seq147.md
2021-01-21,PZ,agenda,poor-likely-scanned,PZ/2021/2021-01-21_PZ_agenda_54.md
2021-01-21,PZ,minutes,ok,PZ/2021/2021-01-21_PZ_minutes_54.md
2021-01-26,BOS,agenda-packet,ok,BOS/2021/2021-01-26_BOS_agenda-packet_seq148.md
2021-01-26,BOS,minutes,ok,BOS/2021/2021-01-26_BOS_minutes_seq149.md
2021-02-09,BOS,agenda-packet,ok,BOS/2021/2021-02-09_BOS_agenda-packet_seq149.md
2021-02-09,BOS,minutes,ok,BOS/2021/2021-02-09_BOS_minutes_seq150.md
2021-02-18,PZ,agenda,poor-likely-scanned,PZ/2021/2021-02-18_PZ_agenda_55.md
2021-02-18,PZ,minutes,ok,PZ/2021/2021-02-18_PZ_minutes_55.md
2021-02-23,BOS,agenda,ok,BOS/2021/2021-02-23_BOS_agenda_seq150.md
2021-02-23,BOS,minutes,ok,BOS/2021/2021-02-23_BOS_minutes_seq151.md
2021-03-09,BOS,agenda-packet,ok,BOS/2021/2021-03-09_BOS_agenda-packet_seq151.md
2021-03-09,BOS,minutes,ok,BOS/2021/2021-03-09_BOS_minutes_seq152.md
2021-03-10,BOA,agenda,ok,BOA/2021/2021-03-10_BOA_agenda_30.md
2021-03-10,BOA,minutes,ok,BOA/2021/2021-03-10_BOA_minutes_30.md
2021-03-18,PZ,agenda,poor-likely-scanned,PZ/2021/2021-03-18_PZ_agenda_56.md
2021-03-18,PZ,minutes,poor-likely-scanned,PZ/2021/2021-03-18_PZ_minutes_56.md
2021-03-23,BOS,agenda-packet,ok,BOS/2021/2021-03-23_BOS_agenda-packet_seq152.md
2021-03-23,BOS,minutes,ok,BOS/2021/2021-03-23_BOS_minutes_seq153.md
2021-04-05,BOS,agenda-packet,ok,BOS/2021/2021-04-05_BOS_agenda-packet_seq168.md
2021-04-05,BOS,minutes,ok,BOS/2021/2021-04-05_BOS_minutes_seq169.md
2021-04-13,BOS,agenda-packet,ok,BOS/2021/2021-04-13_BOS_agenda-packet_seq153.md
2021-04-13,BOS,minutes,ok,BOS/2021/2021-04-13_BOS_minutes_seq154.md
2021-04-14,BOA,agenda,ok,BOA/2021/2021-04-14_BOA_agenda_31.md
2021-04-14,BOA,minutes,poor-likely-scanned,BOA/2021/2021-04-14_BOA_minutes_31.md
2021-04-27,BOS,agenda-packet,ok,BOS/2021/2021-04-27_BOS_agenda-packet_seq154.md
2021-04-27,BOS,minutes,ok,BOS/2021/2021-04-27_BOS_minutes_seq155.md
2021-05-11,BOS,agenda-packet,ok,BOS/2021/2021-05-11_BOS_agenda-packet_seq155.md
2021-05-11,BOS,minutes,ok,BOS/2021/2021-05-11_BOS_minutes_seq156.md
2021-05-12,BOA,agenda,ok,BOA/2021/2021-05-12_BOA_agenda_32.md
2021-05-12,BOA,minutes,poor-likely-scanned,BOA/2021/2021-05-12_BOA_minutes_32.md
2021-05-20,PZ,agenda,poor-likely-scanned,PZ/2021/2021-05-20_PZ_agenda_57.md
2021-05-20,PZ,minutes,poor-likely-scanned,PZ/2021/2021-05-20_PZ_minutes_57.md
2021-05-25,BOS,agenda-packet,ok,BOS/2021/2021-05-25_BOS_agenda-packet_seq156.md
2021-05-25,BOS,agenda-packet,ok,BOS/2021/2021-05-25_BOS_agenda-packet_seq169.md
2021-05-25,BOS,minutes,ok,BOS/2021/2021-05-25_BOS_minutes_seq157.md
2021-05-25,BOS,minutes,ok,BOS/2021/2021-05-25_BOS_minutes_seq170.md
2021-06-08,BOS,agenda-packet,ok,BOS/2021/2021-06-08_BOS_agenda-packet_seq157.md
2021-06-08,BOS,minutes,ok,BOS/2021/2021-06-08_BOS_minutes_seq158.md
2021-06-09,BOA,agenda,ok,BOA/2021/2021-06-09_BOA_agenda_33.md
2021-06-09,BOA,minutes,poor-likely-scanned,BOA/2021/2021-06-09_BOA_minutes_33.md
2021-06-17,PZ,agenda,poor-likely-scanned,PZ/2021/2021-06-17_PZ_agenda_58.md
2021-06-17,PZ,minutes,poor-likely-scanned,PZ/2021/2021-06-17_PZ_minutes_58.md
2021-06-21,BOS,agenda-packet,ok,BOS/2021/2021-06-21_BOS_agenda-packet_seq170.md
2021-06-21,BOS,minutes,ok,BOS/2021/2021-06-21_BOS_minutes_seq171.md
2021-06-22,BOS,agenda-packet,ok,BOS/2021/2021-06-22_BOS_agenda-packet_seq158.md
2021-06-22,BOS,minutes,ok,BOS/2021/2021-06-22_BOS_minutes_seq159.md
2021-07-14,BOA,agenda,ok,BOA/2021/2021-07-14_BOA_agenda_34.md
2021-07-14,BOA,minutes,poor-likely-scanned,BOA/2021/2021-07-14_BOA_minutes_34.md
2021-07-15,PZ,agenda,poor-likely-scanned,PZ/2021/2021-07-15_PZ_agenda_59.md
2021-07-15,PZ,minutes,poor-likely-scanned,PZ/2021/2021-07-15_PZ_minutes_59.md
2021-07-20,BOS,agenda-packet,ok,BOS/2021/2021-07-20_BOS_agenda-packet_seq159.md
2021-07-20,BOS,minutes,ok,BOS/2021/2021-07-20_BOS_minutes_seq160.md
2021-07-23,BOS,agenda-packet,ok,BOS/2021/2021-07-23_BOS_agenda-packet_seq171.md
2021-07-23,BOS,minutes,ok,BOS/2021/2021-07-23_BOS_minutes_seq172.md
2021-08-10,BOS,agenda-packet,ok,BOS/2021/2021-08-10_BOS_agenda-packet_seq160.md
2021-08-10,BOS,minutes,ok,BOS/2021/2021-08-10_BOS_minutes_seq161.md
2021-08-11,BOA,agenda,ok,BOA/2021/2021-08-11_BOA_agenda_28.md
2021-08-11,BOA,minutes,poor-likely-scanned,BOA/2021/2021-08-11_BOA_minutes_28.md
2021-08-24,BOS,agenda-packet,ok,BOS/2021/2021-08-24_BOS_agenda-packet_seq161.md
2021-08-24,BOS,minutes,ok,BOS/2021/2021-08-24_BOS_minutes_seq162.md
2021-09-14,BOS,agenda-packet,ok,BOS/2021/2021-09-14_BOS_agenda-packet_seq162.md
2021-09-14,BOS,minutes,ok,BOS/2021/2021-09-14_BOS_minutes_seq163.md
2021-09-16,PZ,agenda,poor-likely-scanned,PZ/2021/2021-09-16_PZ_agenda_60.md
2021-09-16,PZ,minutes,ok,PZ/2021/2021-09-16_PZ_minutes_60.md
2021-09-28,BOS,agenda-packet,ok,BOS/2021/2021-09-28_BOS_agenda-packet_seq163.md
2021-09-28,BOS,minutes,ok,BOS/2021/2021-09-28_BOS_minutes_seq164.md
2021-09-29,BOS,agenda-packet,ok,BOS/2021/2021-09-29_BOS_agenda-packet_seq172.md
2021-09-29,BOS,minutes,ok,BOS/2021/2021-09-29_BOS_minutes_seq173.md
2021-10-04,BOS,agenda-packet,ok,BOS/2021/2021-10-04_BOS_agenda-packet_seq173.md
2021-10-04,BOS,minutes,ok,BOS/2021/2021-10-04_BOS_minutes_seq174.md
2021-10-12,BOS,agenda-packet,ok,BOS/2021/2021-10-12_BOS_agenda-packet_seq164.md
2021-10-12,BOS,minutes,ok,BOS/2021/2021-10-12_BOS_minutes_seq165.md
2021-10-26,BOS,agenda-packet,ok,BOS/2021/2021-10-26_BOS_agenda-packet_seq165.md
2021-10-26,BOS,agenda-packet,ok,BOS/2021/2021-10-26_BOS_agenda-packet_seq177.md
2021-10-26,BOS,agenda-packet,ok,BOS/2021/2021-10-26_BOS_agenda-packet_seq178.md
2021-10-26,BOS,minutes,ok,BOS/2021/2021-10-26_BOS_minutes_seq166.md
2021-10-26,BOS,minutes,ok,BOS/2021/2021-10-26_BOS_minutes_seq178.md
2021-11-09,BOS,agenda-packet,ok,BOS/2021/2021-11-09_BOS_agenda-packet_seq166.md
2021-11-09,BOS,minutes,ok,BOS/2021/2021-11-09_BOS_minutes_seq167.md
2021-11-18,PZ,agenda,poor-likely-scanned,PZ/2021/2021-11-18_PZ_agenda_61.md
2021-11-18,PZ,agenda,poor-likely-scanned,PZ/2021/2021-11-18_PZ_agenda_62.md
2021-11-18,PZ,minutes,ok,PZ/2021/2021-11-18_PZ_minutes_61.md
2021-11-29,BOS,agenda-packet,ok,BOS/2021/2021-11-29_BOS_agenda-packet_seq200.md
2021-11-29,BOS,agenda-packet,ok,BOS/2021/2021-11-29_BOS_agenda-packet_seq201.md
2021-11-29,BOS,minutes,ok,BOS/2021/2021-11-29_BOS_minutes_seq201.md
2021-12-08,BOA,agenda,ok,BOA/2021/2021-12-08_BOA_agenda_29.md
2021-12-08,BOA,minutes,ok,BOA/2021/2021-12-08_BOA_minutes_29.md
2021-12-14,BOS,agenda-packet,ok,BOS/2021/2021-12-14_BOS_agenda-packet_seq167.md
2021-12-14,BOS,minutes,ok,BOS/2021/2021-12-14_BOS_minutes_seq168.md
2022-01-11,BOS,agenda-packet,ok,BOS/2022/2022-01-11_BOS_agenda-packet_seq179.md
2022-01-11,BOS,minutes,ok,BOS/2022/2022-01-11_BOS_minutes_seq180.md
2022-01-20,PZ,agenda,poor-likely-scanned,PZ/2022/2022-01-20_PZ_agenda_63.md
2022-01-20,PZ,minutes,ok,PZ/2022/2022-01-20_PZ_minutes_63.md
2022-01-25,BOS,agenda-packet,ok,BOS/2022/2022-01-25_BOS_agenda-packet_seq180.md
2022-01-25,BOS,minutes,ok,BOS/2022/2022-01-25_BOS_minutes_seq181.md
2022-02-08,BOS,agenda-packet,ok,BOS/2022/2022-02-08_BOS_agenda-packet_seq181.md
2022-02-08,BOS,minutes,ok,BOS/2022/2022-02-08_BOS_minutes_seq182.md
2022-02-22,BOS,agenda-packet,ok,BOS/2022/2022-02-22_BOS_agenda-packet_seq182.md
2022-02-22,BOS,minutes,ok,BOS/2022/2022-02-22_BOS_minutes_seq183.md
2022-02-24,BOS,agenda-packet,ok,BOS/2022/2022-02-24_BOS_agenda-packet_seq203.md
2022-02-24,BOS,agenda-packet,ok,BOS/2022/2022-02-24_BOS_agenda-packet_seq204.md
2022-02-24,BOS,minutes,ok,BOS/2022/2022-02-24_BOS_minutes_seq204.md
2022-03-08,BOS,agenda-packet,ok,BOS/2022/2022-03-08_BOS_agenda-packet_seq183.md
2022-03-08,BOS,minutes,ok,BOS/2022/2022-03-08_BOS_minutes_seq184.md
2022-03-10,BOS,agenda-packet,ok,BOS/2022/2022-03-10_BOS_agenda-packet_seq205.md
2022-03-10,BOS,agenda-packet,ok,BOS/2022/2022-03-10_BOS_agenda-packet_seq206.md
2022-03-17,PZ,agenda,poor-likely-scanned,PZ/2022/2022-03-17_PZ_agenda_64.md
2022-03-17,PZ,minutes,ok,PZ/2022/2022-03-17_PZ_minutes_64.md
2022-03-22,BOS,agenda-packet,ok,BOS/2022/2022-03-22_BOS_agenda-packet_seq184.md
2022-03-22,BOS,minutes,ok,BOS/2022/2022-03-22_BOS_minutes_seq185.md
2022-03-24,BOS,agenda-packet,ok,BOS/2022/2022-03-24_BOS_agenda-packet_seq207.md
2022-03-24,BOS,agenda-packet,ok,BOS/2022/2022-03-24_BOS_agenda-packet_seq208.md
2022-03-24,BOS,minutes,ok,BOS/2022/2022-03-24_BOS_minutes_seq208.md
2022-04-12,BOS,agenda-packet,ok,BOS/2022/2022-04-12_BOS_agenda-packet_seq185.md
2022-04-12,BOS,minutes,ok,BOS/2022/2022-04-12_BOS_minutes_seq186.md
2022-04-21,PZ,agenda,poor-likely-scanned,PZ/2022/2022-04-21_PZ_agenda_65.md
2022-04-21,PZ,minutes,ok,PZ/2022/2022-04-21_PZ_minutes_65.md
2022-04-26,BOS,agenda-packet,ok,BOS/2022/2022-04-26_BOS_agenda-packet_seq186.md
2022-04-26,BOS,minutes,ok,BOS/2022/2022-04-26_BOS_minutes_seq187.md
2022-05-05,BOS,agenda-packet,ok,BOS/2022/2022-05-05_BOS_agenda-packet_seq211.md
2022-05-05,BOS,minutes,ok,BOS/2022/2022-05-05_BOS_minutes_seq212.md
2022-05-10,BOS,agenda-packet,ok,BOS/2022/2022-05-10_BOS_agenda-packet_seq187.md
2022-05-10,BOS,minutes,ok,BOS/2022/2022-05-10_BOS_minutes_seq188.md
2022-05-11,BOA,agenda,ok,BOA/2022/2022-05-11_BOA_agenda_35.md
2022-05-11,BOA,minutes,ok,BOA/2022/2022-05-11_BOA_minutes_35.md
2022-05-16,BOS,agenda-packet,ok,BOS/2022/2022-05-16_BOS_agenda-packet_seq209.md
2022-05-16,BOS,agenda-packet,ok,BOS/2022/2022-05-16_BOS_agenda-packet_seq210.md
2022-05-19,PZ,agenda,poor-likely-scanned,PZ/2022/2022-05-19_PZ_agenda_66.md
2022-05-19,PZ,minutes,poor-likely-scanned,PZ/2022/2022-05-19_PZ_minutes_66.md
2022-05-24,BOS,agenda-packet,ok,BOS/2022/2022-05-24_BOS_agenda-packet_seq188.md
2022-05-24,BOS,minutes,ok,BOS/2022/2022-05-24_BOS_minutes_seq189.md
2022-06-08,BOA,agenda,ok,BOA/2022/2022-06-08_BOA_agenda_36.md
2022-06-08,BOA,minutes,ok,BOA/2022/2022-06-08_BOA_minutes_36.md
2022-06-14,BOS,agenda-packet,ok,BOS/2022/2022-06-14_BOS_agenda-packet_seq189.md
2022-06-14,BOS,minutes,ok,BOS/2022/2022-06-14_BOS_minutes_seq190.md
2022-06-16,PZ,agenda,poor-likely-scanned,PZ/2022/2022-06-16_PZ_agenda_67.md
2022-06-16,PZ,minutes,poor-likely-scanned,PZ/2022/2022-06-16_PZ_minutes_67.md
2022-06-28,BOS,agenda-packet,ok,BOS/2022/2022-06-28_BOS_agenda-packet_seq190.md
2022-06-28,BOS,minutes,ok,BOS/2022/2022-06-28_BOS_minutes_seq191.md
2022-07-19,BOS,agenda-packet,ok,BOS/2022/2022-07-19_BOS_agenda-packet_seq191.md
2022-07-19,BOS,minutes,ok,BOS/2022/2022-07-19_BOS_minutes_seq192.md
2022-07-21,PZ,agenda,poor-likely-scanned,PZ/2022/2022-07-21_PZ_agenda_68.md
2022-07-21,PZ,minutes,poor-likely-scanned,PZ/2022/2022-07-21_PZ_minutes_68.md
2022-08-09,BOS,agenda-packet,ok,BOS/2022/2022-08-09_BOS_agenda-packet_seq192.md
2022-08-09,BOS,minutes,ok,BOS/2022/2022-08-09_BOS_minutes_seq193.md
2022-08-11,BOS,agenda-packet,ok,BOS/2022/2022-08-11_BOS_agenda-packet_seq213.md
2022-08-11,BOS,minutes,ok,BOS/2022/2022-08-11_BOS_minutes_seq214.md
2022-08-18,PZ,agenda,poor-likely-scanned,PZ/2022/2022-08-18_PZ_agenda_69.md
2022-08-18,PZ,minutes,poor-likely-scanned,PZ/2022/2022-08-18_PZ_minutes_69.md
2022-08-23,BOS,agenda-packet,ok,BOS/2022/2022-08-23_BOS_agenda-packet_seq193.md
2022-08-23,BOS,minutes,ok,BOS/2022/2022-08-23_BOS_minutes_seq194.md
2022-09-13,BOS,agenda-packet,ok,BOS/2022/2022-09-13_BOS_agenda-packet_seq194.md
2022-09-13,BOS,minutes,ok,BOS/2022/2022-09-13_BOS_minutes_seq195.md
2022-09-27,BOS,agenda,ok,BOS/2022/2022-09-27_BOS_agenda_seq195.md
2022-09-27,BOS,minutes,ok,BOS/2022/2022-09-27_BOS_minutes_seq196.md
2022-09-29,PZ,agenda,poor-likely-scanned,PZ/2022/2022-09-29_PZ_agenda_70.md
2022-09-29,PZ,minutes,poor-likely-scanned,PZ/2022/2022-09-29_PZ_minutes_70.md
2022-10-05,BOS,agenda-packet,ok,BOS/2022/2022-10-05_BOS_agenda-packet_seq215.md
2022-10-05,BOS,minutes,ok,BOS/2022/2022-10-05_BOS_minutes_seq216.md
2022-10-11,BOS,agenda-packet,ok,BOS/2022/2022-10-11_BOS_agenda-packet_seq196.md
2022-10-11,BOS,minutes,ok,BOS/2022/2022-10-11_BOS_minutes_seq197.md
2022-10-20,PZ,agenda,poor-likely-scanned,PZ/2022/2022-10-20_PZ_agenda_71.md
2022-10-20,PZ,minutes,poor-likely-scanned,PZ/2022/2022-10-20_PZ_minutes_71.md
2022-10-25,BOS,agenda-packet,ok,BOS/2022/2022-10-25_BOS_agenda-packet_seq197.md
2022-10-25,BOS,minutes,ok,BOS/2022/2022-10-25_BOS_minutes_seq198.md
2022-11-08,BOS,agenda-packet,ok,BOS/2022/2022-11-08_BOS_agenda-packet_seq198.md
2022-11-08,BOS,minutes,ok,BOS/2022/2022-11-08_BOS_minutes_seq199.md
2022-11-28,BOS,agenda-packet,ok,BOS/2022/2022-11-28_BOS_agenda-packet_seq237.md
2022-11-28,BOS,minutes,ok,BOS/2022/2022-11-28_BOS_minutes_seq238.md
2022-12-02,BOS,agenda-packet,ok,BOS/2022/2022-12-02_BOS_agenda-packet_seq238.md
2022-12-02,BOS,minutes,ok,BOS/2022/2022-12-02_BOS_minutes_seq239.md
2022-12-13,BOS,agenda-packet,ok,BOS/2022/2022-12-13_BOS_agenda-packet_seq199.md
2022-12-13,BOS,minutes,ok,BOS/2022/2022-12-13_BOS_minutes_seq200.md
2022-12-15,PZ,agenda,poor-likely-scanned,PZ/2022/2022-12-15_PZ_agenda_38.md
2023-01-01,PZ,agenda,poor-likely-scanned,PZ/2023/2023-01-01_PZ_agenda_815.md
2023-01-10,BOS,agenda-packet,ok,BOS/2023/2023-01-10_BOS_agenda-packet_seq217.md
2023-01-10,BOS,minutes,ok,BOS/2023/2023-01-10_BOS_minutes_seq218.md
2023-01-11,BOA,agenda,ok,BOA/2023/2023-01-11_BOA_agenda_37.md
2023-01-19,PZ,agenda-packet,ok,PZ/2023/2023-01-19_PZ_agenda-packet_seq242.md
2023-01-19,PZ,minutes,ok,PZ/2023/2023-01-19_PZ_minutes_seq243.md
2023-01-24,BOS,agenda-packet,ok,BOS/2023/2023-01-24_BOS_agenda-packet_seq218.md
2023-01-24,BOS,minutes,ok,BOS/2023/2023-01-24_BOS_minutes_seq219.md
2023-02-07,BOS,agenda-packet,ok,BOS/2023/2023-02-07_BOS_agenda-packet_seq246.md
2023-02-07,BOS,minutes,ok,BOS/2023/2023-02-07_BOS_minutes_seq247.md
2023-02-28,BOS,agenda-packet,ok,BOS/2023/2023-02-28_BOS_agenda-packet_seq219.md
2023-02-28,BOS,minutes,ok,BOS/2023/2023-02-28_BOS_minutes_seq220.md
2023-03-14,BOS,agenda-packet,ok,BOS/2023/2023-03-14_BOS_agenda-packet_seq220.md
2023-03-14,BOS,minutes,ok,BOS/2023/2023-03-14_BOS_minutes_seq221.md
2023-03-16,PZ,agenda,ok,PZ/2023/2023-03-16_PZ_agenda_seq245.md
2023-03-16,PZ,minutes,ok,PZ/2023/2023-03-16_PZ_minutes_seq246.md
2023-03-28,BOS,agenda-packet,ok,BOS/2023/2023-03-28_BOS_agenda-packet_seq221.md
2023-03-28,BOS,minutes,ok,BOS/2023/2023-03-28_BOS_minutes_seq222.md
2023-04-11,BOS,agenda-packet,ok,BOS/2023/2023-04-11_BOS_agenda-packet_seq222.md
2023-04-11,BOS,agenda-packet,ok,BOS/2023/2023-04-11_BOS_agenda-packet_seq250.md
2023-04-11,BOS,minutes,ok,BOS/2023/2023-04-11_BOS_minutes_seq223.md
2023-04-11,BOS,minutes,ok,BOS/2023/2023-04-11_BOS_minutes_seq251.md
2023-04-20,PZ,agenda-packet,ok,PZ/2023/2023-04-20_PZ_agenda-packet_seq247.md
2023-04-20,PZ,minutes,ok,PZ/2023/2023-04-20_PZ_minutes_seq248.md
2023-04-25,BOS,agenda-packet,ok,BOS/2023/2023-04-25_BOS_agenda-packet_seq223.md
2023-04-25,BOS,minutes,ok,BOS/2023/2023-04-25_BOS_minutes_seq224.md
2023-05-09,BOS,agenda-packet,ok,BOS/2023/2023-05-09_BOS_agenda-packet_seq224.md
2023-05-09,BOS,minutes,ok,BOS/2023/2023-05-09_BOS_minutes_seq225.md
2023-05-23,BOS,agenda-packet,ok,BOS/2023/2023-05-23_BOS_agenda-packet_seq225.md
2023-05-23,BOS,minutes,ok,BOS/2023/2023-05-23_BOS_minutes_seq226.md
2023-06-06,BOS,agenda-packet,ok,BOS/2023/2023-06-06_BOS_agenda-packet_seq251.md
2023-06-06,BOS,minutes,ok,BOS/2023/2023-06-06_BOS_minutes_seq252.md
2023-06-13,BOS,agenda-packet,ok,BOS/2023/2023-06-13_BOS_agenda-packet_seq226.md
2023-06-13,BOS,minutes,ok,BOS/2023/2023-06-13_BOS_minutes_seq227.md
2023-06-15,PZ,agenda,ok,PZ/2023/2023-06-15_PZ_agenda_seq249.md
2023-06-15,PZ,minutes,ok,PZ/2023/2023-06-15_PZ_minutes_seq250.md
2023-06-20,BOS,agenda-packet,ok,BOS/2023/2023-06-20_BOS_agenda-packet_seq258.md
2023-06-20,BOS,minutes,ok,BOS/2023/2023-06-20_BOS_minutes_seq259.md
2023-06-26,BOS,agenda-packet,ok,BOS/2023/2023-06-26_BOS_agenda-packet_seq259.md
2023-06-26,BOS,minutes,ok,BOS/2023/2023-06-26_BOS_minutes_seq260.md
2023-06-27,BOS,agenda-packet,ok,BOS/2023/2023-06-27_BOS_agenda-packet_seq227.md
2023-06-27,BOS,minutes,ok,BOS/2023/2023-06-27_BOS_minutes_seq228.md
2023-06-28,BOS,agenda-packet,ok,BOS/2023/2023-06-28_BOS_agenda-packet_seq261.md
2023-06-28,BOS,minutes,ok,BOS/2023/2023-06-28_BOS_minutes_seq262.md
2023-07-11,BOS,agenda-packet,ok,BOS/2023/2023-07-11_BOS_agenda-packet_seq262.md
2023-07-11,BOS,minutes,ok,BOS/2023/2023-07-11_BOS_minutes_seq263.md
2023-07-18,BOS,agenda-packet,ok,BOS/2023/2023-07-18_BOS_agenda-packet_seq228.md
2023-07-18,BOS,minutes,ok,BOS/2023/2023-07-18_BOS_minutes_seq229.md
2023-07-20,PZ,agenda-packet,ok,PZ/2023/2023-07-20_PZ_agenda-packet_seq252.md
2023-07-20,PZ,minutes,ok,PZ/2023/2023-07-20_PZ_minutes_seq253.md
2023-08-08,BOS,agenda-packet,ok,BOS/2023/2023-08-08_BOS_agenda-packet_seq229.md
2023-08-08,BOS,minutes,ok,BOS/2023/2023-08-08_BOS_minutes_seq230.md
2023-08-16,PZ,agenda,ok,PZ/2023/2023-08-16_PZ_agenda_seq263.md
2023-08-17,BOS,agenda-packet,ok,BOS/2023/2023-08-17_BOS_agenda-packet_seq264.md
2023-08-17,BOS,minutes,ok,BOS/2023/2023-08-17_BOS_minutes_seq265.md
2023-08-17,PZ,agenda,ok,PZ/2023/2023-08-17_PZ_agenda_seq253.md
2023-08-17,PZ,minutes,ok,PZ/2023/2023-08-17_PZ_minutes_seq254.md
2023-08-22,BOS,agenda-packet,ok,BOS/2023/2023-08-22_BOS_agenda-packet_seq230.md
2023-08-22,BOS,minutes,ok,BOS/2023/2023-08-22_BOS_minutes_seq231.md
2023-09-12,BOS,agenda-packet,ok,BOS/2023/2023-09-12_BOS_agenda-packet_seq265.md
2023-09-12,BOS,minutes,ok,BOS/2023/2023-09-12_BOS_minutes_seq266.md
2023-09-19,PZ,agenda,ok,PZ/2023/2023-09-19_PZ_agenda_seq271.md
2023-09-21,PZ,agenda,ok,PZ/2023/2023-09-21_PZ_agenda_seq254.md
2023-09-21,PZ,minutes,ok,PZ/2023/2023-09-21_PZ_minutes_seq255.md
2023-09-26,BOS,agenda-packet,ok,BOS/2023/2023-09-26_BOS_agenda-packet_seq266.md
2023-09-26,BOS,minutes,ok,BOS/2023/2023-09-26_BOS_minutes_seq267.md
2023-10-10,BOS,agenda-packet,ok,BOS/2023/2023-10-10_BOS_agenda-packet_seq267.md
2023-10-10,BOS,minutes,ok,BOS/2023/2023-10-10_BOS_minutes_seq268.md
2023-10-11,BOS,agenda-packet,ok,BOS/2023/2023-10-11_BOS_agenda-packet_seq272.md
2023-10-11,BOS,minutes,ok,BOS/2023/2023-10-11_BOS_minutes_seq273.md
2023-10-19,PZ,agenda,ok,PZ/2023/2023-10-19_PZ_agenda_seq255.md
2023-10-19,PZ,minutes,ok,PZ/2023/2023-10-19_PZ_minutes_seq256.md
2023-10-24,BOS,agenda-packet,ok,BOS/2023/2023-10-24_BOS_agenda-packet_seq268.md
2023-10-24,BOS,minutes,ok,BOS/2023/2023-10-24_BOS_minutes_seq269.md
2023-11-14,BOS,agenda-packet,ok,BOS/2023/2023-11-14_BOS_agenda-packet_seq269.md
2023-11-14,BOS,minutes,ok,BOS/2023/2023-11-14_BOS_minutes_seq270.md
2023-11-15,BOS,agenda-packet,ok,BOS/2023/2023-11-15_BOS_agenda-packet_seq273.md
2023-11-15,BOS,minutes,ok,BOS/2023/2023-11-15_BOS_minutes_seq274.md
2023-11-16,PZ,agenda,ok,PZ/2023/2023-11-16_PZ_agenda_seq256.md
2023-11-16,PZ,minutes,ok,PZ/2023/2023-11-16_PZ_minutes_seq257.md
2023-12-12,BOS,agenda-packet,ok,BOS/2023/2023-12-12_BOS_agenda-packet_seq270.md
2023-12-12,BOS,minutes,ok,BOS/2023/2023-12-12_BOS_minutes_seq271.md
2023-12-14,PZ,agenda,ok,PZ/2023/2023-12-14_PZ_agenda_seq257.md
2023-12-14,PZ,minutes,ok,PZ/2023/2023-12-14_PZ_minutes_seq258.md
2024-01-09,BOS,agenda-packet,ok,BOS/2024/2024-01-09_BOS_agenda-packet_seq276.md
2024-01-09,BOS,minutes,ok,BOS/2024/2024-01-09_BOS_minutes_seq277.md
2024-01-09,BOS,transcript,ok,BOS/2024/2024-01-09_BOS_transcript_293963.md
2024-01-10,BOA,agenda,ok,BOA/2024/2024-01-10_BOA_agenda_seq308.md
2024-01-18,PZ,agenda,ok,PZ/2024/2024-01-18_PZ_agenda_seq296.md
2024-01-18,PZ,minutes,ok,PZ/2024/2024-01-18_PZ_minutes_seq297.md
2024-01-18,PZ,transcript,ok,PZ/2024/2024-01-18_PZ_transcript_295226.md
2024-01-23,BOS,agenda-packet,ok,BOS/2024/2024-01-23_BOS_agenda-packet_seq277.md
2024-01-23,BOS,minutes,ok,BOS/2024/2024-01-23_BOS_minutes_seq278.md
2024-01-23,BOS,transcript,ok,BOS/2024/2024-01-23_BOS_transcript_295581.md
2024-02-14,BOA,agenda,ok,BOA/2024/2024-02-14_BOA_agenda_seq309.md
2024-02-15,PZ,agenda,ok,PZ/2024/2024-02-15_PZ_agenda_seq297.md
2024-02-15,PZ,minutes,ok,PZ/2024/2024-02-15_PZ_minutes_seq298.md
2024-02-15,PZ,transcript,ok,PZ/2024/2024-02-15_PZ_transcript_297621.md
2024-02-27,BOS,agenda-packet,ok,BOS/2024/2024-02-27_BOS_agenda-packet_seq278.md
2024-02-27,BOS,minutes,ok,BOS/2024/2024-02-27_BOS_minutes_seq279.md
2024-02-27,BOS,transcript,ok,BOS/2024/2024-02-27_BOS_transcript_298442.md
2024-03-12,BOS,agenda-packet,ok,BOS/2024/2024-03-12_BOS_agenda-packet_seq279.md
2024-03-12,BOS,minutes,ok,BOS/2024/2024-03-12_BOS_minutes_seq280.md
2024-03-12,BOS,transcript,ok,BOS/2024/2024-03-12_BOS_transcript_299629.md
2024-03-13,BOA,agenda,ok,BOA/2024/2024-03-13_BOA_agenda_seq310.md
2024-03-21,PZ,agenda,ok,PZ/2024/2024-03-21_PZ_agenda_seq298.md
2024-03-21,PZ,minutes,ok,PZ/2024/2024-03-21_PZ_minutes_seq299.md
2024-03-21,PZ,transcript,ok,PZ/2024/2024-03-21_PZ_transcript_300577.md
2024-03-26,BOS,agenda-packet,ok,BOS/2024/2024-03-26_BOS_agenda-packet_seq330.md
2024-03-26,BOS,minutes,ok,BOS/2024/2024-03-26_BOS_minutes_seq331.md
2024-03-26,BOS,transcript,ok,BOS/2024/2024-03-26_BOS_transcript_300841.md
2024-03-29,BOS,agenda-packet,ok,BOS/2024/2024-03-29_BOS_agenda-packet_seq320.md
2024-03-29,BOS,minutes,ok,BOS/2024/2024-03-29_BOS_minutes_seq321.md
2024-04-09,BOS,agenda-packet,ok,BOS/2024/2024-04-09_BOS_agenda-packet_seq331.md
2024-04-09,BOS,minutes,ok,BOS/2024/2024-04-09_BOS_minutes_seq332.md
2024-04-09,BOS,transcript,ok,BOS/2024/2024-04-09_BOS_transcript_302068.md
2024-04-10,BOA,agenda,ok,BOA/2024/2024-04-10_BOA_agenda_seq311.md
2024-04-18,PZ,agenda,ok,PZ/2024/2024-04-18_PZ_agenda_seq299.md
2024-04-23,BOS,agenda-packet,ok,BOS/2024/2024-04-23_BOS_agenda-packet_seq332.md
2024-04-23,BOS,minutes,ok,BOS/2024/2024-04-23_BOS_minutes_seq333.md
2024-04-23,BOS,transcript,ok,BOS/2024/2024-04-23_BOS_transcript_303452.md
2024-05-08,BOA,agenda,ok,BOA/2024/2024-05-08_BOA_agenda_seq312.md
2024-05-14,BOS,agenda-packet,ok,BOS/2024/2024-05-14_BOS_agenda-packet_seq333.md
2024-05-14,BOS,minutes,ok,BOS/2024/2024-05-14_BOS_minutes_seq334.md
2024-05-14,BOS,transcript,ok,BOS/2024/2024-05-14_BOS_transcript_305107.md
2024-05-16,PZ,agenda,ok,PZ/2024/2024-05-16_PZ_agenda_seq300.md
2024-05-16,PZ,minutes,ok,PZ/2024/2024-05-16_PZ_minutes_seq301.md
2024-05-16,PZ,transcript,ok,PZ/2024/2024-05-16_PZ_transcript_305582.md
2024-05-28,BOS,agenda-packet,ok,BOS/2024/2024-05-28_BOS_agenda-packet_seq334.md
2024-05-28,BOS,minutes,ok,BOS/2024/2024-05-28_BOS_minutes_seq335.md
2024-05-28,BOS,transcript,ok,BOS/2024/2024-05-28_BOS_transcript_306365.md
2024-06-05,BOS,agenda-packet,ok,BOS/2024/2024-06-05_BOS_agenda-packet_seq347.md
2024-06-05,BOS,minutes,ok,BOS/2024/2024-06-05_BOS_minutes_seq348.md
2024-06-11,BOS,agenda-packet,ok,BOS/2024/2024-06-11_BOS_agenda-packet_seq335.md
2024-06-11,BOS,minutes,ok,BOS/2024/2024-06-11_BOS_minutes_seq336.md
2024-06-11,BOS,transcript,ok,BOS/2024/2024-06-11_BOS_transcript_307645.md
2024-06-12,BOA,agenda,ok,BOA/2024/2024-06-12_BOA_agenda_seq313.md
2024-06-12,BOA,minutes,ok,BOA/2024/2024-06-12_BOA_minutes_seq314.md
2024-06-20,PZ,agenda,ok,PZ/2024/2024-06-20_PZ_agenda_seq301.md
2024-06-25,BOS,agenda-packet,ok,BOS/2024/2024-06-25_BOS_agenda-packet_seq349.md
2024-06-25,BOS,minutes,ok,BOS/2024/2024-06-25_BOS_minutes_seq350.md
2024-06-25,BOS,transcript,ok,BOS/2024/2024-06-25_BOS_transcript_308802.md
2024-07-09,BOS,agenda-packet,ok,BOS/2024/2024-07-09_BOS_agenda-packet_seq350.md
2024-07-09,BOS,minutes,ok,BOS/2024/2024-07-09_BOS_minutes_seq351.md
2024-07-09,BOS,transcript,ok,BOS/2024/2024-07-09_BOS_transcript_309739.md
2024-07-10,BOA,agenda,ok,BOA/2024/2024-07-10_BOA_agenda_seq314.md
2024-07-16,BOS,agenda-packet,ok,BOS/2024/2024-07-16_BOS_agenda-packet_seq351.md
2024-07-16,BOS,minutes,ok,BOS/2024/2024-07-16_BOS_minutes_seq352.md
2024-07-18,PZ,agenda,ok,PZ/2024/2024-07-18_PZ_agenda_seq302.md
2024-07-18,PZ,minutes,ok,PZ/2024/2024-07-18_PZ_minutes_seq303.md
2024-07-18,PZ,transcript,ok,PZ/2024/2024-07-18_PZ_transcript_310638.md
2024-08-07,BOS,agenda-packet,ok,BOS/2024/2024-08-07_BOS_agenda-packet_seq346.md
2024-08-07,BOS,minutes,ok,BOS/2024/2024-08-07_BOS_minutes_seq347.md
2024-08-12,BOS,agenda-packet,ok,BOS/2024/2024-08-12_BOS_agenda-packet_seq354.md
2024-08-12,BOS,minutes,ok,BOS/2024/2024-08-12_BOS_minutes_seq355.md
2024-08-13,BOS,agenda-packet,ok,BOS/2024/2024-08-13_BOS_agenda-packet_seq337.md
2024-08-13,BOS,minutes,ok,BOS/2024/2024-08-13_BOS_minutes_seq338.md
2024-08-13,BOS,transcript,ok,BOS/2024/2024-08-13_BOS_transcript_312195.md
2024-08-14,BOA,agenda,ok,BOA/2024/2024-08-14_BOA_agenda_seq315.md
2024-08-15,PZ,agenda,ok,PZ/2024/2024-08-15_PZ_agenda_seq303.md
2024-08-15,PZ,minutes,ok,PZ/2024/2024-08-15_PZ_minutes_seq304.md
2024-08-15,PZ,transcript,ok,PZ/2024/2024-08-15_PZ_transcript_312580.md
2024-08-27,BOS,agenda-packet,ok,BOS/2024/2024-08-27_BOS_agenda-packet_seq338.md
2024-08-27,BOS,minutes,ok,BOS/2024/2024-08-27_BOS_minutes_seq339.md
2024-08-27,BOS,transcript,ok,BOS/2024/2024-08-27_BOS_transcript_313475.md
2024-09-10,BOS,agenda-packet,ok,BOS/2024/2024-09-10_BOS_agenda-packet_seq339.md
2024-09-10,BOS,minutes,ok,BOS/2024/2024-09-10_BOS_minutes_seq340.md
2024-09-10,BOS,transcript,ok,BOS/2024/2024-09-10_BOS_transcript_314574.md
2024-09-11,BOA,agenda,ok,BOA/2024/2024-09-11_BOA_agenda_seq316.md
2024-09-24,BOS,agenda-packet,ok,BOS/2024/2024-09-24_BOS_agenda-packet_seq291.md
2024-09-24,BOS,minutes,ok,BOS/2024/2024-09-24_BOS_minutes_seq292.md
2024-09-24,BOS,transcript,ok,BOS/2024/2024-09-24_BOS_transcript_315948.md
2024-09-26,PZ,agenda,ok,PZ/2024/2024-09-26_PZ_agenda_seq304.md
2024-10-09,BOA,agenda,ok,BOA/2024/2024-10-09_BOA_agenda_seq317.md
2024-10-17,PZ,agenda,ok,PZ/2024/2024-10-17_PZ_agenda_seq305.md
2024-10-17,PZ,agenda,ok,PZ/2024/2024-10-17_PZ_agenda_seq355.md
2024-10-17,PZ,minutes,ok,PZ/2024/2024-10-17_PZ_minutes_seq306.md
2024-10-17,PZ,transcript,ok,PZ/2024/2024-10-17_PZ_transcript_318064.md
2024-10-22,BOS,agenda-packet,ok,BOS/2024/2024-10-22_BOS_agenda-packet_seq341.md
2024-10-22,BOS,minutes,ok,BOS/2024/2024-10-22_BOS_minutes_seq342.md
2024-10-22,BOS,transcript,ok,BOS/2024/2024-10-22_BOS_transcript_318271.md
2024-11-12,BOS,agenda-packet,ok,BOS/2024/2024-11-12_BOS_agenda-packet_seq342.md
2024-11-12,BOS,minutes,ok,BOS/2024/2024-11-12_BOS_minutes_seq343.md
2024-11-12,BOS,transcript,ok,BOS/2024/2024-11-12_BOS_transcript_321878.md
2024-11-13,BOA,agenda,ok,BOA/2024/2024-11-13_BOA_agenda_seq318.md
2024-11-15,BOS,agenda-packet,ok,BOS/2024/2024-11-15_BOS_agenda-packet_seq356.md
2024-11-15,BOS,minutes,ok,BOS/2024/2024-11-15_BOS_minutes_seq357.md
2024-11-21,PZ,agenda,ok,PZ/2024/2024-11-21_PZ_agenda_seq306.md
2024-11-21,PZ,minutes,ok,PZ/2024/2024-11-21_PZ_minutes_seq307.md
2024-11-21,PZ,transcript,ok,PZ/2024/2024-11-21_PZ_transcript_321121.md
2024-12-10,BOS,agenda-packet,ok,BOS/2024/2024-12-10_BOS_agenda-packet_seq343.md
2024-12-10,BOS,minutes,ok,BOS/2024/2024-12-10_BOS_minutes_seq344.md
2024-12-10,BOS,transcript,ok,BOS/2024/2024-12-10_BOS_transcript_322218.md
2024-12-11,BOA,agenda,ok,BOA/2024/2024-12-11_BOA_agenda_seq319.md
2024-12-19,PZ,agenda,ok,PZ/2024/2024-12-19_PZ_agenda_seq307.md
2024-12-19,PZ,minutes,ok,PZ/2024/2024-12-19_PZ_minutes_seq308.md
2024-12-19,PZ,transcript,ok,PZ/2024/2024-12-19_PZ_transcript_323252.md
2025-01-08,BOA,agenda,ok,BOA/2025/2025-01-08_BOA_agenda_seq399.md
2025-01-14,BOS,agenda,ok,BOS/2025/2025-01-14_BOS_agenda_seq359.md
2025-01-14,BOS,minutes,ok,BOS/2025/2025-01-14_BOS_minutes_seq360.md
2025-01-14,BOS,transcript,ok,BOS/2025/2025-01-14_BOS_transcript_325690.md
2025-01-16,PZ,agenda,ok,PZ/2025/2025-01-16_PZ_agenda_seq381.md
2025-01-28,BOS,agenda-packet,ok,BOS/2025/2025-01-28_BOS_agenda-packet_seq360.md
2025-01-28,BOS,minutes,ok,BOS/2025/2025-01-28_BOS_minutes_seq361.md
2025-01-28,BOS,transcript,ok,BOS/2025/2025-01-28_BOS_transcript_326870.md
2025-02-11,BOS,agenda-packet,ok,BOS/2025/2025-02-11_BOS_agenda-packet_seq361.md
2025-02-11,BOS,minutes,ok,BOS/2025/2025-02-11_BOS_minutes_seq362.md
2025-02-11,BOS,transcript,ok,BOS/2025/2025-02-11_BOS_transcript_334477.md
2025-02-12,BOA,agenda,ok,BOA/2025/2025-02-12_BOA_agenda_seq392.md
2025-02-20,PZ,agenda,ok,PZ/2025/2025-02-20_PZ_agenda_seq380.md
2025-02-25,BOS,agenda-packet,ok,BOS/2025/2025-02-25_BOS_agenda-packet_seq362.md
2025-02-25,BOS,minutes,ok,BOS/2025/2025-02-25_BOS_minutes_seq363.md
2025-02-25,BOS,transcript,ok,BOS/2025/2025-02-25_BOS_transcript_335802.md
2025-02-26,BOS,agenda-packet,ok,BOS/2025/2025-02-26_BOS_agenda-packet_seq393.md
2025-02-26,BOS,minutes,ok,BOS/2025/2025-02-26_BOS_minutes_seq394.md
2025-03-11,BOS,agenda-packet,ok,BOS/2025/2025-03-11_BOS_agenda-packet_seq363.md
2025-03-11,BOS,minutes,ok,BOS/2025/2025-03-11_BOS_minutes_seq364.md
2025-03-11,BOS,transcript,ok,BOS/2025/2025-03-11_BOS_transcript_337081.md
2025-03-12,BOA,agenda,ok,BOA/2025/2025-03-12_BOA_agenda_seq395.md
2025-03-18,PZ,agenda,ok,PZ/2025/2025-03-18_PZ_agenda_seq396.md
2025-03-20,PZ,agenda,ok,PZ/2025/2025-03-20_PZ_agenda_seq382.md
2025-03-25,BOS,agenda-packet,ok,BOS/2025/2025-03-25_BOS_agenda-packet_seq364.md
2025-03-25,BOS,minutes,ok,BOS/2025/2025-03-25_BOS_minutes_seq365.md
2025-03-25,BOS,transcript,ok,BOS/2025/2025-03-25_BOS_transcript_338346.md
2025-04-08,BOS,agenda-packet,ok,BOS/2025/2025-04-08_BOS_agenda-packet_seq365.md
2025-04-08,BOS,minutes,ok,BOS/2025/2025-04-08_BOS_minutes_seq366.md
2025-04-08,BOS,transcript,ok,BOS/2025/2025-04-08_BOS_transcript_339397.md
2025-04-09,BOA,agenda,ok,BOA/2025/2025-04-09_BOA_agenda_seq400.md
2025-04-17,PZ,agenda,ok,PZ/2025/2025-04-17_PZ_agenda_seq383.md
2025-04-17,PZ,minutes,ok,PZ/2025/2025-04-17_PZ_minutes_seq384.md
2025-04-17,PZ,transcript,ok,PZ/2025/2025-04-17_PZ_transcript_340488.md
2025-04-22,BOS,agenda-packet,ok,BOS/2025/2025-04-22_BOS_agenda-packet_seq366.md
2025-04-22,BOS,minutes,ok,BOS/2025/2025-04-22_BOS_minutes_seq367.md
2025-04-22,BOS,transcript,ok,BOS/2025/2025-04-22_BOS_transcript_340707.md
2025-05-13,BOS,agenda-packet,ok,BOS/2025/2025-05-13_BOS_agenda-packet_seq367.md
2025-05-13,BOS,minutes,ok,BOS/2025/2025-05-13_BOS_minutes_seq368.md
2025-05-13,BOS,transcript,ok,BOS/2025/2025-05-13_BOS_transcript_342496.md
2025-05-14,BOA,agenda,ok,BOA/2025/2025-05-14_BOA_agenda_seq397.md
2025-05-15,PZ,agenda,ok,PZ/2025/2025-05-15_PZ_agenda_seq384.md
2025-05-27,BOS,agenda-packet,ok,BOS/2025/2025-05-27_BOS_agenda-packet_seq368.md
2025-05-27,BOS,minutes,ok,BOS/2025/2025-05-27_BOS_minutes_seq369.md
2025-05-27,BOS,transcript,ok,BOS/2025/2025-05-27_BOS_transcript_343904.md
2025-06-10,BOS,agenda-packet,ok,BOS/2025/2025-06-10_BOS_agenda-packet_seq369.md
2025-06-10,BOS,minutes,ok,BOS/2025/2025-06-10_BOS_minutes_seq370.md
2025-06-10,BOS,transcript,ok,BOS/2025/2025-06-10_BOS_transcript_345277.md
2025-06-11,BOA,agenda,ok,BOA/2025/2025-06-11_BOA_agenda_seq401.md
2025-06-19,PZ,agenda,ok,PZ/2025/2025-06-19_PZ_agenda_seq385.md
2025-06-19,PZ,minutes,ok,PZ/2025/2025-06-19_PZ_minutes_seq386.md
2025-06-19,PZ,transcript,ok,PZ/2025/2025-06-19_PZ_transcript_346333.md
2025-06-24,BOS,agenda-packet,ok,BOS/2025/2025-06-24_BOS_agenda-packet_seq370.md
2025-06-24,BOS,minutes,ok,BOS/2025/2025-06-24_BOS_minutes_seq371.md
2025-06-24,BOS,transcript,ok,BOS/2025/2025-06-24_BOS_transcript_346573.md
2025-07-09,BOA,agenda,ok,BOA/2025/2025-07-09_BOA_agenda_seq402.md
2025-07-15,BOS,agenda-packet,ok,BOS/2025/2025-07-15_BOS_agenda-packet_seq371.md
2025-07-15,BOS,minutes,ok,BOS/2025/2025-07-15_BOS_minutes_seq372.md
2025-07-15,BOS,transcript,ok,BOS/2025/2025-07-15_BOS_transcript_349662.md
2025-07-17,PZ,agenda-packet,ok,PZ/2025/2025-07-17_PZ_agenda-packet_seq386.md
2025-08-12,BOS,agenda-packet,ok,BOS/2025/2025-08-12_BOS_agenda-packet_seq372.md
2025-08-12,BOS,minutes,ok,BOS/2025/2025-08-12_BOS_minutes_seq373.md
2025-08-12,BOS,transcript,ok,BOS/2025/2025-08-12_BOS_transcript_352258.md
2025-08-13,BOA,agenda,ok,BOA/2025/2025-08-13_BOA_agenda_seq403.md
2025-08-21,PZ,agenda,ok,PZ/2025/2025-08-21_PZ_agenda_seq387.md
2025-08-21,PZ,minutes,ok,PZ/2025/2025-08-21_PZ_minutes_seq388.md
2025-08-21,PZ,transcript,ok,PZ/2025/2025-08-21_PZ_transcript_353386.md
2025-08-26,BOS,agenda-packet,ok,BOS/2025/2025-08-26_BOS_agenda-packet_seq373.md
2025-08-26,BOS,minutes,ok,BOS/2025/2025-08-26_BOS_minutes_seq374.md
2025-08-26,BOS,transcript,ok,BOS/2025/2025-08-26_BOS_transcript_353682.md
2025-08-27,BOS,agenda-packet,ok,BOS/2025/2025-08-27_BOS_agenda-packet_seq405.md
2025-08-27,BOS,minutes,ok,BOS/2025/2025-08-27_BOS_minutes_seq406.md
2025-09-09,BOS,agenda-packet,ok,BOS/2025/2025-09-09_BOS_agenda-packet_seq374.md
2025-09-09,BOS,minutes,ok,BOS/2025/2025-09-09_BOS_minutes_seq375.md
2025-09-09,BOS,transcript,ok,BOS/2025/2025-09-09_BOS_transcript_354836.md
2025-09-10,BOA,agenda,ok,BOA/2025/2025-09-10_BOA_agenda_seq406.md
2025-09-18,PZ,agenda,ok,PZ/2025/2025-09-18_PZ_agenda_seq388.md
2025-09-23,BOS,agenda-packet,ok,BOS/2025/2025-09-23_BOS_agenda-packet_seq375.md
2025-09-23,BOS,minutes,ok,BOS/2025/2025-09-23_BOS_minutes_seq376.md
2025-09-23,BOS,transcript,ok,BOS/2025/2025-09-23_BOS_transcript_356341.md
2025-10-08,BOA,agenda,ok,BOA/2025/2025-10-08_BOA_agenda_seq407.md
2025-10-14,BOS,agenda,ok,BOS/2025/2025-10-14_BOS_agenda_seq376.md
2025-10-14,BOS,minutes,ok,BOS/2025/2025-10-14_BOS_minutes_seq377.md
2025-10-14,BOS,transcript,ok,BOS/2025/2025-10-14_BOS_transcript_357959.md
2025-10-16,PZ,agenda,ok,PZ/2025/2025-10-16_PZ_agenda_seq389.md
2025-10-16,PZ,minutes,ok,PZ/2025/2025-10-16_PZ_minutes_seq390.md
2025-10-16,PZ,transcript,ok,PZ/2025/2025-10-16_PZ_transcript_358381.md
2025-11-05,BOS,agenda-packet,ok,BOS/2025/2025-11-05_BOS_agenda-packet_seq411.md
2025-11-05,BOS,minutes,ok,BOS/2025/2025-11-05_BOS_minutes_seq412.md
2025-11-12,BOA,agenda,ok,BOA/2025/2025-11-12_BOA_agenda_seq408.md
2025-11-18,BOS,agenda-packet,ok,BOS/2025/2025-11-18_BOS_agenda-packet_seq378.md
2025-11-18,BOS,minutes,ok,BOS/2025/2025-11-18_BOS_minutes_seq379.md
2025-11-18,BOS,transcript,ok,BOS/2025/2025-11-18_BOS_transcript_361280.md
2025-11-20,PZ,agenda,ok,PZ/2025/2025-11-20_PZ_agenda_seq390.md
2025-12-03,BOS,agenda-packet,ok,BOS/2025/2025-12-03_BOS_agenda-packet_seq410.md
2025-12-03,BOS,minutes,ok,BOS/2025/2025-12-03_BOS_minutes_seq411.md
2025-12-09,BOS,agenda-packet,ok,BOS/2025/2025-12-09_BOS_agenda-packet_seq379.md
2025-12-09,BOS,minutes,ok,BOS/2025/2025-12-09_BOS_minutes_seq380.md
2025-12-09,BOS,transcript,ok,BOS/2025/2025-12-09_BOS_transcript_363007.md
2025-12-10,BOA,agenda,ok,BOA/2025/2025-12-10_BOA_agenda_seq412.md
2025-12-17,BOS,agenda-packet,ok,BOS/2025/2025-12-17_BOS_agenda-packet_seq414.md
2025-12-17,BOS,minutes,ok,BOS/2025/2025-12-17_BOS_minutes_seq415.md
2025-12-18,PZ,agenda,ok,PZ/2025/2025-12-18_PZ_agenda_seq391.md
2025-12-18,PZ,transcript,ok,PZ/2025/2025-12-18_PZ_transcript_367089.md
2026-01-13,BOS,agenda,ok,BOS/2026/2026-01-13_BOS_agenda_seq413.md
2026-01-13,BOS,minutes,ok,BOS/2026/2026-01-13_BOS_minutes_seq414.md
2026-01-13,BOS,transcript,ok,BOS/2026/2026-01-13_BOS_transcript_371887.md
2026-01-14,BOA,agenda,ok,BOA/2026/2026-01-14_BOA_agenda_seq447.md
2026-01-15,PZ,agenda,ok,PZ/2026/2026-01-15_PZ_agenda_seq435.md
2026-01-27,BOS,agenda-packet,ok,BOS/2026/2026-01-27_BOS_agenda-packet_seq415.md
2026-01-27,BOS,minutes,ok,BOS/2026/2026-01-27_BOS_minutes_seq416.md
2026-01-27,BOS,transcript,ok,BOS/2026/2026-01-27_BOS_transcript_373337.md
2026-02-10,BOS,agenda-packet,ok,BOS/2026/2026-02-10_BOS_agenda-packet_seq416.md
2026-02-10,BOS,minutes,ok,BOS/2026/2026-02-10_BOS_minutes_seq417.md
2026-02-10,BOS,transcript,ok,BOS/2026/2026-02-10_BOS_transcript_374649.md
2026-02-11,BOA,agenda,ok,BOA/2026/2026-02-11_BOA_agenda_seq448.md
2026-02-19,PZ,agenda,ok,PZ/2026/2026-02-19_PZ_agenda_seq436.md
2026-03-10,BOS,agenda-packet,ok,BOS/2026/2026-03-10_BOS_agenda-packet_seq417.md
2026-03-10,BOS,minutes,ok,BOS/2026/2026-03-10_BOS_minutes_seq418.md
2026-03-10,BOS,transcript,ok,BOS/2026/2026-03-10_BOS_transcript_377572.md
2026-03-11,BOA,agenda,ok,BOA/2026/2026-03-11_BOA_agenda_seq449.md
2026-03-19,PZ,agenda,ok,PZ/2026/2026-03-19_PZ_agenda_seq437.md
2026-03-24,BOS,agenda-packet,ok,BOS/2026/2026-03-24_BOS_agenda-packet_seq418.md
2026-03-24,BOS,minutes,ok,BOS/2026/2026-03-24_BOS_minutes_seq419.md
2026-03-24,BOS,transcript,ok,BOS/2026/2026-03-24_BOS_transcript_378991.md
2026-04-08,BOA,agenda,ok,BOA/2026/2026-04-08_BOA_agenda_seq450.md
2026-04-14,BOS,agenda-packet,ok,BOS/2026/2026-04-14_BOS_agenda-packet_seq419.md
2026-04-14,BOS,minutes,ok,BOS/2026/2026-04-14_BOS_minutes_seq420.md
2026-04-14,BOS,transcript,ok,BOS/2026/2026-04-14_BOS_transcript_382088.md
2026-04-16,PZ,agenda,ok,PZ/2026/2026-04-16_PZ_agenda_seq438.md
2026-04-28,BOS,agenda-packet,ok,BOS/2026/2026-04-28_BOS_agenda-packet_seq420.md
2026-04-28,BOS,minutes,ok,BOS/2026/2026-04-28_BOS_minutes_seq421.md
2026-04-28,BOS,transcript,ok,BOS/2026/2026-04-28_BOS_transcript_384181.md
2026-05-12,BOS,agenda-packet,ok,BOS/2026/2026-05-12_BOS_agenda-packet_seq421.md
2026-05-12,BOS,minutes,ok,BOS/2026/2026-05-12_BOS_minutes_seq422.md
2026-05-12,BOS,transcript,ok,BOS/2026/2026-05-12_BOS_transcript_387444.md
2026-05-13,BOA,agenda,ok,BOA/2026/2026-05-13_BOA_agenda_seq451.md
2026-05-14,BOS,agenda-packet,ok,BOS/2026/2026-05-14_BOS_agenda-packet_seq452.md
2026-05-14,BOS,minutes,ok,BOS/2026/2026-05-14_BOS_minutes_seq453.md
2026-05-21,PZ,agenda,ok,PZ/2026/2026-05-21_PZ_agenda_seq439.md
2026-05-26,BOS,agenda-packet,ok,BOS/2026/2026-05-26_BOS_agenda-packet_seq422.md
2026-05-26,BOS,minutes,ok,BOS/2026/2026-05-26_BOS_minutes_seq423.md
2026-05-26,BOS,transcript,ok,BOS/2026/2026-05-26_BOS_transcript_389122.md
2026-06-09,BOS,agenda-packet,ok,BOS/2026/2026-06-09_BOS_agenda-packet_seq423.md
2026-06-09,BOS,minutes,ok,BOS/2026/2026-06-09_BOS_minutes_seq424.md
2026-06-09,BOS,transcript,ok,BOS/2026/2026-06-09_BOS_transcript_390504.md
2026-06-10,BOA,agenda,ok,BOA/2026/2026-06-10_BOA_agenda_seq453.md
2026-06-18,PZ,agenda,ok,PZ/2026/2026-06-18_PZ_agenda_seq440.md
2026-06-23,BOS,agenda-packet,ok,BOS/2026/2026-06-23_BOS_agenda-packet_seq434.md
2026-06-23,BOS,minutes,ok,BOS/2026/2026-06-23_BOS_minutes_seq435.md
2026-06-23,BOS,transcript,ok,BOS/2026/2026-06-23_BOS_transcript_391900.md
2026-07-08,BOA,agenda,ok,BOA/2026/2026-07-08_BOA_agenda_seq455.md
2026-07-14,BOS,agenda-packet,ok,BOS/2026/2026-07-14_BOS_agenda-packet_seq425.md
2026-07-14,BOS,transcript,ok,BOS/2026/2026-07-14_BOS_transcript_393416.md
2026-07-16,PZ,agenda,ok,PZ/2026/2026-07-16_PZ_agenda_seq441.md
2026-07-30,BOS,agenda-packet,ok,BOS/2026/2026-07-30_BOS_agenda-packet_seq454.md
2026-08-11,BOS,agenda-packet,ok,BOS/2026/2026-08-11_BOS_agenda-packet_seq426.md
2026-08-12,BOA,agenda,ok,BOA/2026/2026-08-12_BOA_agenda_seq456.md
2026-08-20,PZ,agenda,ok,PZ/2026/2026-08-20_PZ_agenda_seq442.md
